dataset_file_name,dataset_google_id,start_year,end_year,n_years_observed,study_duration,organism_count_type,mean_alpha,SITE_ID,phi_var,comp_gamma_var_rate,comp_alpha_var_rate,agg_gamma_var_rate,agg_alpha_var_rate,messages
L3-gce-mollusc-compagnoni.csv,1Cy3RdJzAPIfW5euTGUIiHEaCJC8cCQTx,2000,2013,14,13,DENSITY,2,1_1,1,0.023296804551023217,0.023296804551023217,0.07001629958360725,0.07001629958360725,NA
L3-gce-mollusc-compagnoni.csv,1Cy3RdJzAPIfW5euTGUIiHEaCJC8cCQTx,2000,2013,14,13,DENSITY,2.4285714285714284,1_2,1,0.01705591693811549,0.01705591693811549,0.09523224911425882,0.09523224911425882,NA
L3-gce-mollusc-compagnoni.csv,1Cy3RdJzAPIfW5euTGUIiHEaCJC8cCQTx,2000,2013,14,13,DENSITY,1.4285714285714286,2_1,NaN,NaN,NaN,NA,NA,NA
L3-gce-mollusc-compagnoni.csv,1Cy3RdJzAPIfW5euTGUIiHEaCJC8cCQTx,2000,2013,14,13,DENSITY,1.7857142857142858,2_2,1,0.011463347948731132,0.011463347948731132,0.04302631317148537,0.04302631317148537,NA
L3-gce-mollusc-compagnoni.csv,1Cy3RdJzAPIfW5euTGUIiHEaCJC8cCQTx,2000,2013,14,13,DENSITY,1.6428571428571428,3_1,NaN,NaN,NaN,NA,NA,NA
L3-gce-mollusc-compagnoni.csv,1Cy3RdJzAPIfW5euTGUIiHEaCJC8cCQTx,2000,2013,14,13,DENSITY,2.7857142857142856,3_2,1,7.310489139841726e-4,7.310489139841726e-4,0.010695163465434372,0.010695163465434372,NA
L3-gce-mollusc-compagnoni.csv,1Cy3RdJzAPIfW5euTGUIiHEaCJC8cCQTx,2000,2013,14,13,DENSITY,1.8571428571428572,4_1,1,0.020166600546429207,0.020166600546429207,0.050301042487289754,0.050301042487289754,NA
L3-gce-mollusc-compagnoni.csv,1Cy3RdJzAPIfW5euTGUIiHEaCJC8cCQTx,2000,2013,14,13,DENSITY,3,4_2,1,0.003861470541065931,0.003861470541065931,0.017650431464002306,0.017650431464002306,NA
L3-gce-mollusc-compagnoni.csv,1Cy3RdJzAPIfW5euTGUIiHEaCJC8cCQTx,2000,2013,14,13,DENSITY,1.4285714285714286,5_1,NaN,NaN,NaN,NA,NA,NA
L3-gce-mollusc-compagnoni.csv,1Cy3RdJzAPIfW5euTGUIiHEaCJC8cCQTx,2000,2013,14,13,DENSITY,1.7142857142857142,5_2,1,0.003210554502424893,0.003210554502424893,0.03520664672234995,0.03520664672234995,NA
L3-gce-mollusc-compagnoni.csv,1Cy3RdJzAPIfW5euTGUIiHEaCJC8cCQTx,2000,2013,14,13,DENSITY,1.6428571428571428,6_1,1,0.007978341385801158,0.007978341385801158,0.045762909542795424,0.045762909542795424,NA
L3-gce-mollusc-compagnoni.csv,1Cy3RdJzAPIfW5euTGUIiHEaCJC8cCQTx,2000,2013,14,13,DENSITY,2.142857142857143,6_2,1,2.650847007517342e-4,2.650847007517342e-4,0.012261527457507386,0.012261527457507386,NA
L3-gce-mollusc-compagnoni.csv,1Cy3RdJzAPIfW5euTGUIiHEaCJC8cCQTx,2000,2013,14,13,DENSITY,0.9285714285714286,7_1,NaN,NaN,NaN,NA,NA,NA
L3-gce-mollusc-compagnoni.csv,1Cy3RdJzAPIfW5euTGUIiHEaCJC8cCQTx,2000,2013,14,13,DENSITY,1.0714285714285714,7_2,NaN,NaN,NaN,NA,NA,NA
L3-gce-mollusc-compagnoni.csv,1Cy3RdJzAPIfW5euTGUIiHEaCJC8cCQTx,2000,2013,14,13,DENSITY,1.0714285714285714,8_1,NaN,NaN,NaN,NA,NA,NA
L3-gce-mollusc-compagnoni.csv,1Cy3RdJzAPIfW5euTGUIiHEaCJC8cCQTx,2000,2013,14,13,DENSITY,2.0714285714285716,8_2,NaN,NaN,NaN,NA,NA,NA
L3-gce-mollusc-compagnoni.csv,1Cy3RdJzAPIfW5euTGUIiHEaCJC8cCQTx,2000,2013,14,13,DENSITY,1.1428571428571428,9_1,1,0.001027607407140062,0.001027607407140062,0.049133107327700896,0.049133107327700896,NA
L3-gce-mollusc-compagnoni.csv,1Cy3RdJzAPIfW5euTGUIiHEaCJC8cCQTx,2000,2013,14,13,DENSITY,2.2142857142857144,9_2,1,0.015189916874990382,0.015189916874990382,0.053184116833668776,0.053184116833668776,NA
L3-sev-plants-compagnoni.csv,19QVLG4hvOy0kH3e4qzk4CxZc4eWRm1oy,2003,2015,13,12,count,31.692307692307693,P_1_N,1,0.02540027321694865,0.02540027321694865,0.02910487505081286,0.02910487505081286,NA
L3-sev-plants-compagnoni.csv,19QVLG4hvOy0kH3e4qzk4CxZc4eWRm1oy,2003,2015,13,12,count,27.692307692307693,P_1_R,1,0.03046807522624019,0.03046807522624019,0.03995558832981263,0.03995558832981263,NA
L3-sev-plants-compagnoni.csv,19QVLG4hvOy0kH3e4qzk4CxZc4eWRm1oy,2003,2015,13,12,count,25.846153846153847,P_1_S,1,0.030021672966044955,0.030021672966044955,0.024396331330518453,0.024396331330518453,NA
L3-sev-plants-compagnoni.csv,19QVLG4hvOy0kH3e4qzk4CxZc4eWRm1oy,2003,2015,13,12,count,28.846153846153847,P_1_V,1,0.023554019328759154,0.023554019328759154,0.02458391438819892,0.02458391438819892,NA
L3-sev-plants-compagnoni.csv,19QVLG4hvOy0kH3e4qzk4CxZc4eWRm1oy,2003,2015,13,12,count,29.307692307692307,P_2_N,1,0.027111117889202493,0.027111117889202493,0.028775800760142408,0.028775800760142408,NA
L3-sev-plants-compagnoni.csv,19QVLG4hvOy0kH3e4qzk4CxZc4eWRm1oy,2003,2015,13,12,count,27.692307692307693,P_2_R,1,0.0324432241090371,0.0324432241090371,0.04416358065129721,0.04416358065129721,NA
L3-sev-plants-compagnoni.csv,19QVLG4hvOy0kH3e4qzk4CxZc4eWRm1oy,2003,2015,13,12,count,31.076923076923077,P_2_S,1,0.022555594508233495,0.022555594508233495,0.015931080574205555,0.015931080574205555,NA
L3-sev-plants-compagnoni.csv,19QVLG4hvOy0kH3e4qzk4CxZc4eWRm1oy,2003,2015,13,12,count,30.23076923076923,P_2_V,1,0.03624792571988011,0.03624792571988011,0.02861892270479684,0.02861892270479684,NA
L3-jrn-plants-compagnoni.csv,1yuqNwBD6TVkdo9UzZeJtHxJjPzHrVVyx,1915,1938,18,23,count (average),0,a1,NA,NA,NA,NA,NA,NA
L3-jrn-plants-compagnoni.csv,1yuqNwBD6TVkdo9UzZeJtHxJjPzHrVVyx,1915,1938,18,23,count (average),0,a2,NA,NA,NA,NA,NA,NA
L3-jrn-plants-compagnoni.csv,1yuqNwBD6TVkdo9UzZeJtHxJjPzHrVVyx,1915,1938,18,23,count (average),0,a4,NA,NA,NA,NA,NA,NA
L3-jrn-plants-compagnoni.csv,1yuqNwBD6TVkdo9UzZeJtHxJjPzHrVVyx,1915,1938,18,23,count (average),0,b4,NA,NA,NA,NA,NA,NA
L3-jrn-plants-compagnoni.csv,1yuqNwBD6TVkdo9UzZeJtHxJjPzHrVVyx,1915,1938,18,23,count (average),0,b5,NA,NA,NA,NA,NA,NA
L3-jrn-plants-compagnoni.csv,1yuqNwBD6TVkdo9UzZeJtHxJjPzHrVVyx,1915,1938,18,23,count (average),0,g4,NA,NA,NA,NA,NA,NA
L3-jrn-plants-compagnoni.csv,1yuqNwBD6TVkdo9UzZeJtHxJjPzHrVVyx,1915,1938,18,23,count (average),0,g5,NA,NA,NA,NA,NA,NA
L3-jrn-plants-compagnoni.csv,1yuqNwBD6TVkdo9UzZeJtHxJjPzHrVVyx,1915,1938,18,23,count (average),0,i1,NA,NA,NA,NA,NA,NA
L3-jrn-plants-compagnoni.csv,1yuqNwBD6TVkdo9UzZeJtHxJjPzHrVVyx,1915,1938,18,23,count (average),0,i2,NA,NA,NA,NA,NA,NA
L3-jrn-plants-compagnoni.csv,1yuqNwBD6TVkdo9UzZeJtHxJjPzHrVVyx,1915,1938,18,23,count (average),0,i4,NA,NA,NA,NA,NA,NA
L3-hays-plants-compagnoni.csv,1I3G4PWuQWovgUk1_GQ43Y6snqL72pnBx,38,72,35,34,COUNT,4.9714285714285715,e1q1-1,1,0.006663098229745895,0.006663098229745895,0.009496451352026843,0.009496451352026843,NA
L3-hays-plants-compagnoni.csv,1I3G4PWuQWovgUk1_GQ43Y6snqL72pnBx,38,72,35,34,COUNT,6.057142857142857,e1q1-3,1,0.00989372001863402,0.00989372001863402,0.015426030162267564,0.015426030162267564,NA
L3-hays-plants-compagnoni.csv,1I3G4PWuQWovgUk1_GQ43Y6snqL72pnBx,38,72,35,34,COUNT,5.428571428571429,e1q1a-1,1,0.006912947311165016,0.006912947311165016,0.011470906008710799,0.011470906008710799,NA
L3-hays-plants-compagnoni.csv,1I3G4PWuQWovgUk1_GQ43Y6snqL72pnBx,38,72,35,34,COUNT,6.228571428571429,e1q1a-2,1,0.009900811060244966,0.009900811060244966,0.011684457786264804,0.011684457786264804,NA
L3-hays-plants-compagnoni.csv,1I3G4PWuQWovgUk1_GQ43Y6snqL72pnBx,38,72,35,34,COUNT,7.114285714285714,e1q1a-3,1,0.00870233238012184,0.00870233238012184,0.005952463827353245,0.005952463827353245,NA
L3-hays-plants-compagnoni.csv,1I3G4PWuQWovgUk1_GQ43Y6snqL72pnBx,38,72,35,34,COUNT,4.514285714285714,e1q3-1,1,0.01015113060008094,0.01015113060008094,0.014141612311002817,0.014141612311002817,NA
L3-hays-plants-compagnoni.csv,1I3G4PWuQWovgUk1_GQ43Y6snqL72pnBx,38,72,35,34,COUNT,5.628571428571429,e1q3-3,1,0.009786734512708159,0.009786734512708159,0.008828029548247287,0.008828029548247287,NA
L3-hays-plants-compagnoni.csv,1I3G4PWuQWovgUk1_GQ43Y6snqL72pnBx,38,72,35,34,COUNT,9.485714285714286,e2q2-4,1,0.008940711756746524,0.008940711756746524,0.009774522832844407,0.009774522832844407,NA
L3-hays-plants-compagnoni.csv,1I3G4PWuQWovgUk1_GQ43Y6snqL72pnBx,38,72,35,34,COUNT,7.114285714285714,e2q3-1,1,0.0127160487692402,0.0127160487692402,0.008598280483002518,0.008598280483002518,NA
L3-hays-plants-compagnoni.csv,1I3G4PWuQWovgUk1_GQ43Y6snqL72pnBx,38,72,35,34,COUNT,7.057142857142857,e2q3a-1,1,0.014228148408130383,0.014228148408130383,0.015208510099139412,0.015208510099139412,NA
L3-hays-plants-compagnoni.csv,1I3G4PWuQWovgUk1_GQ43Y6snqL72pnBx,38,72,35,34,COUNT,6.2,e2q3a-2,1,0.0110534604144744,0.0110534604144744,0.007114721570391614,0.007114721570391614,NA
L3-hays-plants-compagnoni.csv,1I3G4PWuQWovgUk1_GQ43Y6snqL72pnBx,38,72,35,34,COUNT,4.457142857142857,e2qa-1,1,0.006683552776447771,0.006683552776447771,0.016436124174595924,0.016436124174595924,NA
L3-hays-plants-compagnoni.csv,1I3G4PWuQWovgUk1_GQ43Y6snqL72pnBx,38,72,35,34,COUNT,5.428571428571429,e2qa-2,1,0.00831053455856377,0.00831053455856377,0.014198493428165959,0.014198493428165959,NA
L3-hays-plants-compagnoni.csv,1I3G4PWuQWovgUk1_GQ43Y6snqL72pnBx,38,72,35,34,COUNT,4.142857142857143,e2qo-7,1,0.005760222861576183,0.005760222861576183,0.016018914207498,0.016018914207498,NA
L3-sgs-plants-compagnoni.csv,1-CvqdA4DCGB51B3geVTwN5uQcvFEBcnr,1995,2008,14,13,PERCENT_COVER,13.142857142857142,11,1,0.01875428418703606,0.01875428418703606,0.005708602140341976,0.005708602140341976,NA
L3-sgs-plants-compagnoni.csv,1-CvqdA4DCGB51B3geVTwN5uQcvFEBcnr,1995,2008,14,13,PERCENT_COVER,14.428571428571429,19,1,0.024136174927770742,0.024136174927770742,0.010347716749887133,0.010347716749887133,NA
L3-sgs-plants-compagnoni.csv,1-CvqdA4DCGB51B3geVTwN5uQcvFEBcnr,1995,2008,14,13,PERCENT_COVER,15,24,1,0.02072390757114971,0.02072390757114971,0.007142393695952328,0.007142393695952328,NA
L3-sgs-plants-compagnoni.csv,1-CvqdA4DCGB51B3geVTwN5uQcvFEBcnr,1995,2008,14,13,PERCENT_COVER,9.857142857142858,5A,1,0.020551399460335282,0.020551399460335282,0.004230620606605182,0.004230620606605182,NA
L3-sgs-plants-compagnoni.csv,1-CvqdA4DCGB51B3geVTwN5uQcvFEBcnr,1995,2008,14,13,PERCENT_COVER,13.642857142857142,5B,1,0.017029795574000514,0.017029795574000514,0.005526949659924555,0.005526949659924555,NA
L3-sgs-plants-compagnoni.csv,1-CvqdA4DCGB51B3geVTwN5uQcvFEBcnr,1995,2008,14,13,PERCENT_COVER,16.428571428571427,7C,1,0.019247516130333483,0.019247516130333483,0.006210673060687578,0.006210673060687578,NA
L3-sev-arthropods-compagnoni.csv,1eXE5otabcA87KWGgeid92h7sKy8jKdqN,1992,2004,13,12,Average_count,24.153846153846153,C_A,1,0.057393508336346384,0.057393508336346384,0.004239590361499777,0.004239590361499777,NA
L3-sev-arthropods-compagnoni.csv,1eXE5otabcA87KWGgeid92h7sKy8jKdqN,1992,2004,13,12,Average_count,28.692307692307693,C_B,1,0.057900829428319395,0.057900829428319395,0.0057720545196464105,0.0057720545196464105,NA
L3-sev-arthropods-compagnoni.csv,1eXE5otabcA87KWGgeid92h7sKy8jKdqN,1992,2004,13,12,Average_count,25.307692307692307,C_C,1,0.058080196772557206,0.058080196772557206,0.005688402923358738,0.005688402923358738,NA
L3-sev-arthropods-compagnoni.csv,1eXE5otabcA87KWGgeid92h7sKy8jKdqN,1992,2004,13,12,Average_count,25.53846153846154,C_D,1,0.05853845001663163,0.05853845001663163,0.005569319197841471,0.005569319197841471,NA
L3-sev-arthropods-compagnoni.csv,1eXE5otabcA87KWGgeid92h7sKy8jKdqN,1992,2004,13,12,Average_count,29.53846153846154,C_E,1,0.05934893742634761,0.05934893742634761,0.00988765191531843,0.00988765191531843,NA
L3-sev-arthropods-compagnoni.csv,1eXE5otabcA87KWGgeid92h7sKy8jKdqN,1992,2004,13,12,Average_count,32,G_A,1,0.06226356926184187,0.06226356926184187,0.010066869348945672,0.010066869348945672,NA
L3-sev-arthropods-compagnoni.csv,1eXE5otabcA87KWGgeid92h7sKy8jKdqN,1992,2004,13,12,Average_count,28.615384615384617,G_B,1,0.05873281954719123,0.05873281954719123,0.011368175631709318,0.011368175631709318,NA
L3-sev-arthropods-compagnoni.csv,1eXE5otabcA87KWGgeid92h7sKy8jKdqN,1992,2004,13,12,Average_count,30,G_C,1,0.058264607387586896,0.058264607387586896,0.012253869782864827,0.012253869782864827,NA
L3-sev-arthropods-compagnoni.csv,1eXE5otabcA87KWGgeid92h7sKy8jKdqN,1992,2004,13,12,Average_count,28.846153846153847,G_D,1,0.059099137545720486,0.059099137545720486,0.013505393308501803,0.013505393308501803,NA
L3-sev-arthropods-compagnoni.csv,1eXE5otabcA87KWGgeid92h7sKy8jKdqN,1992,2004,13,12,Average_count,29.076923076923077,G_E,1,0.06316067604729382,0.06316067604729382,0.015773314038854472,0.015773314038854472,NA
L3-sev-grasshopper-compagnoni.csv,1fvq48jYfqsaCu7I41qaottXkcmdSCQvn,1992,2013,22,21,Count (two censuses a year),13.045454545454545,BOER_1,1,0.012605312122133247,0.012605312122133247,0.010289792624772942,0.010289792624772942,NA
L3-sev-grasshopper-compagnoni.csv,1fvq48jYfqsaCu7I41qaottXkcmdSCQvn,1992,2013,22,21,Count (two censuses a year),13.681818181818182,BOER_2,1,0.011435020583377165,0.011435020583377165,0.010947874934603192,0.010947874934603192,NA
L3-sev-grasshopper-compagnoni.csv,1fvq48jYfqsaCu7I41qaottXkcmdSCQvn,1992,2013,22,21,Count (two censuses a year),11.636363636363637,BOER_3,1,0.01705259779981949,0.01705259779981949,0.01867245967614358,0.01867245967614358,NA
L3-sev-grasshopper-compagnoni.csv,1fvq48jYfqsaCu7I41qaottXkcmdSCQvn,1992,2013,22,21,Count (two censuses a year),11.590909090909092,BOER_4,1,0.01697343727858543,0.01697343727858543,0.02312729051302121,0.02312729051302121,NA
L3-sev-grasshopper-compagnoni.csv,1fvq48jYfqsaCu7I41qaottXkcmdSCQvn,1992,2013,22,21,Count (two censuses a year),12.227272727272727,BOER_5,1,0.012623202436196104,0.012623202436196104,0.01523855355854481,0.01523855355854481,NA
L3-sev-grasshopper-compagnoni.csv,1fvq48jYfqsaCu7I41qaottXkcmdSCQvn,1992,2013,22,21,Count (two censuses a year),6.090909090909091,LATR_1,1,0.011870706778223907,0.011870706778223907,0.008771934856485173,0.008771934856485173,NA
L3-sev-grasshopper-compagnoni.csv,1fvq48jYfqsaCu7I41qaottXkcmdSCQvn,1992,2013,22,21,Count (two censuses a year),9.863636363636363,LATR_2,1,0.014082990562863077,0.014082990562863077,0.007095898987790881,0.007095898987790881,NA
L3-sev-grasshopper-compagnoni.csv,1fvq48jYfqsaCu7I41qaottXkcmdSCQvn,1992,2013,22,21,Count (two censuses a year),7.454545454545454,LATR_3,1,0.012559416702280573,0.012559416702280573,0.012963791180960402,0.012963791180960402,NA
L3-sev-grasshopper-compagnoni.csv,1fvq48jYfqsaCu7I41qaottXkcmdSCQvn,1992,2013,22,21,Count (two censuses a year),6.5,LATR_4,1,0.014000336840698643,0.014000336840698643,0.015291271531166939,0.015291271531166939,NA
L3-sev-grasshopper-compagnoni.csv,1fvq48jYfqsaCu7I41qaottXkcmdSCQvn,1992,2013,22,21,Count (two censuses a year),9.318181818181818,LATR_5,1,0.014152874078530815,0.014152874078530815,0.009844658792003502,0.009844658792003502,NA
L3-sbc-fish-castorani.csv,0BxUZSA1Gn1HZeEtNSEtJRDQxa2M,2001,2018,18,17,g dry per m2,7.722222222222222,ABUR,1,0.04059566599894642,0.04059566599894642,0.08552891683279196,0.08552891683279196,NA
L3-sbc-fish-castorani.csv,0BxUZSA1Gn1HZeEtNSEtJRDQxa2M,2001,2018,18,17,g dry per m2,9.777777777777779,AHND,1,0.03873046917442254,0.03873046917442254,0.2517330939831369,0.2517330939831369,NA
L3-sbc-fish-castorani.csv,0BxUZSA1Gn1HZeEtNSEtJRDQxa2M,2001,2018,18,17,g dry per m2,17.88888888888889,AQUE,1,0.03332676626351248,0.03332676626351248,0.13800164376900959,0.13800164376900959,NA
L3-sbc-fish-castorani.csv,0BxUZSA1Gn1HZeEtNSEtJRDQxa2M,2001,2018,18,17,g dry per m2,8.555555555555555,BULL,1,0.043997619282845644,0.043997619282845644,0.09902032636290051,0.09902032636290051,NA
L3-sbc-fish-castorani.csv,0BxUZSA1Gn1HZeEtNSEtJRDQxa2M,2001,2018,18,17,g dry per m2,13.333333333333334,CARP,1,0.03531704904928338,0.03531704904928338,0.046661089774471816,0.046661089774471816,NA
L3-sbc-fish-castorani.csv,0BxUZSA1Gn1HZeEtNSEtJRDQxa2M,2001,2018,18,17,g dry per m2,6.444444444444445,GOLB,1,0.044704440630568644,0.044704440630568644,0.14533561137877538,0.14533561137877538,NA
L3-sbc-fish-castorani.csv,0BxUZSA1Gn1HZeEtNSEtJRDQxa2M,2001,2018,18,17,g dry per m2,10.38888888888889,IVEE,1,0.042249509127562146,0.042249509127562146,0.12015047019210987,0.12015047019210987,NA
L3-sbc-fish-castorani.csv,0BxUZSA1Gn1HZeEtNSEtJRDQxa2M,2001,2018,18,17,g dry per m2,12.88888888888889,MOHK,1,0.02876661406674757,0.02876661406674757,0.03282725635850792,0.03282725635850792,NA
L3-sbc-fish-castorani.csv,0BxUZSA1Gn1HZeEtNSEtJRDQxa2M,2001,2018,18,17,g dry per m2,22.22222222222222,NAPL,1,0.018231229605765675,0.018231229605765675,0.009381997436253248,0.009381997436253248,NA
L3-sbc-mobileInverts-castorani.csv,0BxUZSA1Gn1HZWVZsdFdrRmhpTm8,2001,2018,18,17,g dry per m2,4.111111111111111,ABUR,1,0.03749648992310885,0.03749648992310885,0.08741287301253166,0.08741287301253166,NA
L3-sbc-mobileInverts-castorani.csv,0BxUZSA1Gn1HZWVZsdFdrRmhpTm8,2001,2018,18,17,g dry per m2,9.055555555555555,AHND,1,0.0321387244445639,0.0321387244445639,0.04433299095167603,0.04433299095167603,NA
L3-sbc-mobileInverts-castorani.csv,0BxUZSA1Gn1HZWVZsdFdrRmhpTm8,2001,2018,18,17,g dry per m2,18.5,AQUE,1,0.017954344979384557,0.017954344979384557,0.11531999834317318,0.11531999834317318,NA
L3-sbc-mobileInverts-castorani.csv,0BxUZSA1Gn1HZWVZsdFdrRmhpTm8,2001,2018,18,17,g dry per m2,10.333333333333334,BULL,1,0.026038057896449397,0.026038057896449397,0.02448805678196594,0.02448805678196594,NA
L3-sbc-mobileInverts-castorani.csv,0BxUZSA1Gn1HZWVZsdFdrRmhpTm8,2001,2018,18,17,g dry per m2,19.5,CARP,1,0.004667669313048493,0.004667669313048493,0.007461085943349511,0.007461085943349511,NA
L3-sbc-mobileInverts-castorani.csv,0BxUZSA1Gn1HZWVZsdFdrRmhpTm8,2001,2018,18,17,g dry per m2,9.333333333333334,GOLB,1,0.026860112495077464,0.026860112495077464,0.10320986210043094,0.10320986210043094,NA
L3-sbc-mobileInverts-castorani.csv,0BxUZSA1Gn1HZWVZsdFdrRmhpTm8,2001,2018,18,17,g dry per m2,11.666666666666666,IVEE,1,0.01994773034521156,0.01994773034521156,0.02505300967638233,0.02505300967638233,NA
L3-sbc-mobileInverts-castorani.csv,0BxUZSA1Gn1HZWVZsdFdrRmhpTm8,2001,2018,18,17,g dry per m2,11.777777777777779,MOHK,1,0.006588696342741681,0.006588696342741681,0.01766370174651098,0.01766370174651098,NA
L3-sbc-mobileInverts-castorani.csv,0BxUZSA1Gn1HZWVZsdFdrRmhpTm8,2001,2018,18,17,g dry per m2,20,NAPL,1,0.007404798533212407,0.007404798533212407,0.012393977562644015,0.012393977562644015,NA
L3-sbc-sessileInverts-castorani.csv,0BxUZSA1Gn1HZYVp0MXBod2oxczQ,2001,2018,18,17,g dry per m2,5.944444444444445,ABUR,1,0.023343188044794946,0.023343188044794946,0.08813725219633355,0.08813725219633355,NA
L3-sbc-sessileInverts-castorani.csv,0BxUZSA1Gn1HZYVp0MXBod2oxczQ,2001,2018,18,17,g dry per m2,6.611111111111111,AHND,1,0.027415874778695355,0.027415874778695355,0.06777039385885206,0.06777039385885206,NA
L3-sbc-sessileInverts-castorani.csv,0BxUZSA1Gn1HZYVp0MXBod2oxczQ,2001,2018,18,17,g dry per m2,28.166666666666668,AQUE,1,0.0018153817661759586,0.0018153817661759586,0.010485048968018159,0.010485048968018159,NA
L3-sbc-sessileInverts-castorani.csv,0BxUZSA1Gn1HZYVp0MXBod2oxczQ,2001,2018,18,17,g dry per m2,12.222222222222221,BULL,1,8.151510453607353e-4,8.151510453607353e-4,0.013730978706611626,0.013730978706611626,NA
L3-sbc-sessileInverts-castorani.csv,0BxUZSA1Gn1HZYVp0MXBod2oxczQ,2001,2018,18,17,g dry per m2,26.555555555555557,CARP,1,7.970990219853751e-4,7.970990219853751e-4,0.012066663769708174,0.012066663769708174,NA
L3-sbc-sessileInverts-castorani.csv,0BxUZSA1Gn1HZYVp0MXBod2oxczQ,2001,2018,18,17,g dry per m2,10.5,GOLB,1,0.005393120800417695,0.005393120800417695,0.11211834912381903,0.11211834912381903,NA
L3-sbc-sessileInverts-castorani.csv,0BxUZSA1Gn1HZYVp0MXBod2oxczQ,2001,2018,18,17,g dry per m2,14.777777777777779,IVEE,1,0.0014134853033805808,0.0014134853033805808,0.03774987506548996,0.03774987506548996,NA
L3-sbc-sessileInverts-castorani.csv,0BxUZSA1Gn1HZYVp0MXBod2oxczQ,2001,2018,18,17,g dry per m2,21.5,MOHK,1,0.009954365445380932,0.009954365445380932,0.06842706959353302,0.06842706959353302,NA
L3-sbc-sessileInverts-castorani.csv,0BxUZSA1Gn1HZYVp0MXBod2oxczQ,2001,2018,18,17,g dry per m2,33,NAPL,1,0.0033767922277843053,0.0033767922277843053,0.011185479805177298,0.011185479805177298,NA
L3-sbc-algae-castorani.csv,0BxUZSA1Gn1HZZWl6d3BMeVNlT0U,2001,2018,18,17,g dry per m2,19.27777777777778,ABUR,1,0.016347834476527084,0.016347834476527084,0.016292805426138895,0.016292805426138895,NA
L3-sbc-algae-castorani.csv,0BxUZSA1Gn1HZZWl6d3BMeVNlT0U,2001,2018,18,17,g dry per m2,11.88888888888889,AHND,NaN,NaN,NaN,NA,NA,NA
L3-sbc-algae-castorani.csv,0BxUZSA1Gn1HZZWl6d3BMeVNlT0U,2001,2018,18,17,g dry per m2,19.666666666666668,AQUE,1,0.007875030444171803,0.007875030444171803,0.015514651529066432,0.015514651529066432,NA
L3-sbc-algae-castorani.csv,0BxUZSA1Gn1HZZWl6d3BMeVNlT0U,2001,2018,18,17,g dry per m2,20,BULL,1,0.009470986719205975,0.009470986719205975,0.008593763202603216,0.008593763202603216,NA
L3-sbc-algae-castorani.csv,0BxUZSA1Gn1HZZWl6d3BMeVNlT0U,2001,2018,18,17,g dry per m2,23.055555555555557,CARP,1,0.00856301402632846,0.00856301402632846,0.03980131205558483,0.03980131205558483,NA
L3-sbc-algae-castorani.csv,0BxUZSA1Gn1HZZWl6d3BMeVNlT0U,2001,2018,18,17,g dry per m2,14.944444444444445,GOLB,1,0.009412330281029307,0.009412330281029307,0.017766247035316596,0.017766247035316596,NA
L3-sbc-algae-castorani.csv,0BxUZSA1Gn1HZZWl6d3BMeVNlT0U,2001,2018,18,17,g dry per m2,17,IVEE,1,0.007155224626437586,0.007155224626437586,0.010264019029409169,0.010264019029409169,NA
L3-sbc-algae-castorani.csv,0BxUZSA1Gn1HZZWl6d3BMeVNlT0U,2001,2018,18,17,g dry per m2,14,MOHK,1,0.004431506299392118,0.004431506299392118,0.005069290557145694,0.005069290557145694,NA
L3-sbc-algae-castorani.csv,0BxUZSA1Gn1HZZWl6d3BMeVNlT0U,2001,2018,18,17,g dry per m2,21.22222222222222,NAPL,1,0.013232040235156804,0.013232040235156804,0.015525616997597707,0.015525616997597707,NA
L3-jrn-lizards-hope.csv,0B7o8j0RLpcxiYW10X1djMTBGM0U,1990,2005,16,15,count,4.0625,BASN,1,0.02553154125256747,0.02553154125256747,0.013314537143833568,0.013314537143833568,NA
L3-jrn-lizards-hope.csv,0B7o8j0RLpcxiYW10X1djMTBGM0U,1990,2005,16,15,count,2.6875,CALI,1,0.017008003479211904,0.017008003479211904,0.027857495590828927,0.027857495590828927,NA
L3-jrn-lizards-hope.csv,0B7o8j0RLpcxiYW10X1djMTBGM0U,1990,2005,16,15,count,3,EAST,1,0.01287673043924874,0.01287673043924874,0.013098497968608742,0.013098497968608742,NA
L3-jrn-lizards-hope.csv,0B7o8j0RLpcxiYW10X1djMTBGM0U,1990,2005,16,15,count,2.625,GRAV,1,0.024226645139033703,0.024226645139033703,0.02478754932344324,0.02478754932344324,NA
L3-jrn-lizards-hope.csv,0B7o8j0RLpcxiYW10X1djMTBGM0U,1990,2005,16,15,count,3.1875,IBPE,1,0.008949365368782733,0.008949365368782733,0.020772138083794356,0.020772138083794356,NA
L3-jrn-lizards-hope.csv,0B7o8j0RLpcxiYW10X1djMTBGM0U,1990,2005,16,15,count,3.0625,RABB,1,0.012068624830770813,0.012068624830770813,0.0307509267455545,0.0307509267455545,NA
L3-jrn-lizards-hope.csv,0B7o8j0RLpcxiYW10X1djMTBGM0U,1990,2005,16,15,count,2.3125,SAND,1,0.00991274663648321,0.00991274663648321,0.017866666666666666,0.017866666666666666,NA
L3-jrn-lizards-hope.csv,0B7o8j0RLpcxiYW10X1djMTBGM0U,1990,2005,16,15,count,2.625,WELL,1,0.009018878016166814,0.009018878016166814,0.01475547009916502,0.01475547009916502,NA
L3-jrn-lizards-hope.csv,0B7o8j0RLpcxiYW10X1djMTBGM0U,1990,2005,16,15,count,3.3125,WEST,1,0.03277477147789347,0.03277477147789347,0.015924604747434713,0.015924604747434713,NA
L3-cdr-plantsABC-compagnoni.csv,1iJEhY82nu9PVw1yVVxjGr7-hO1DnqjQz,1982,2004,23,22,BIOMASS,7.260869565217392,A_12,1,0.009497700704704555,0.009497700704704555,0.005285426508893319,0.005285426508893319,NA
L3-cdr-plantsABC-compagnoni.csv,1iJEhY82nu9PVw1yVVxjGr7-hO1DnqjQz,1982,2004,23,22,BIOMASS,8.91304347826087,A_22,1,0.015800823025679908,0.015800823025679908,0.005293902345921224,0.005293902345921224,NA
L3-cdr-plantsABC-compagnoni.csv,1iJEhY82nu9PVw1yVVxjGr7-hO1DnqjQz,1982,2004,23,22,BIOMASS,7,A_45,1,0.01103273372226033,0.01103273372226033,0.007275620716732684,0.007275620716732684,NA
L3-cdr-plantsABC-compagnoni.csv,1iJEhY82nu9PVw1yVVxjGr7-hO1DnqjQz,1982,2004,23,22,BIOMASS,6.3478260869565215,A_50,1,0.00910380897309541,0.00910380897309541,0.006767181409237688,0.006767181409237688,NA
L3-cdr-plantsABC-compagnoni.csv,1iJEhY82nu9PVw1yVVxjGr7-hO1DnqjQz,1982,2004,23,22,BIOMASS,7.260869565217392,A_53,1,0.00999809711995106,0.00999809711995106,0.013244030448588623,0.013244030448588623,NA
L3-cdr-plantsABC-compagnoni.csv,1iJEhY82nu9PVw1yVVxjGr7-hO1DnqjQz,1982,2004,23,22,BIOMASS,5.086956521739131,A_54,1,0.006182855054791252,0.006182855054791252,0.008922157059344543,0.008922157059344543,NA
L3-cdr-plantsABC-compagnoni.csv,1iJEhY82nu9PVw1yVVxjGr7-hO1DnqjQz,1982,2004,23,22,BIOMASS,8.521739130434783,B_1,1,0.006831651455301884,0.006831651455301884,0.005908661741738916,0.005908661741738916,NA
L3-cdr-plantsABC-compagnoni.csv,1iJEhY82nu9PVw1yVVxjGr7-hO1DnqjQz,1982,2004,23,22,BIOMASS,8.956521739130435,B_11,1,0.006397783647674221,0.006397783647674221,0.0038069574833620103,0.0038069574833620103,NA
L3-cdr-plantsABC-compagnoni.csv,1iJEhY82nu9PVw1yVVxjGr7-hO1DnqjQz,1982,2004,23,22,BIOMASS,9,B_17,1,0.004353844272383987,0.004353844272383987,0.005882549932344691,0.005882549932344691,NA
L3-cdr-plantsABC-compagnoni.csv,1iJEhY82nu9PVw1yVVxjGr7-hO1DnqjQz,1982,2004,23,22,BIOMASS,9.347826086956522,B_33,1,0.008027559261547154,0.008027559261547154,0.004830473417740479,0.004830473417740479,NA
L3-cdr-plantsABC-compagnoni.csv,1iJEhY82nu9PVw1yVVxjGr7-hO1DnqjQz,1982,2004,23,22,BIOMASS,7.6521739130434785,B_34,1,0.008424733015512553,0.008424733015512553,0.007332295351170671,0.007332295351170671,NA
L3-cdr-plantsABC-compagnoni.csv,1iJEhY82nu9PVw1yVVxjGr7-hO1DnqjQz,1982,2004,23,22,BIOMASS,9.08695652173913,B_54,1,0.006609479609546451,0.006609479609546451,0.003403811616308128,0.003403811616308128,NA
L3-cdr-plantsABC-compagnoni.csv,1iJEhY82nu9PVw1yVVxjGr7-hO1DnqjQz,1982,2004,23,22,BIOMASS,11.91304347826087,C_26,1,0.012811683405386177,0.012811683405386177,0.008341139897758636,0.008341139897758636,NA
L3-cdr-plantsABC-compagnoni.csv,1iJEhY82nu9PVw1yVVxjGr7-hO1DnqjQz,1982,2004,23,22,BIOMASS,9.608695652173912,C_39,1,0.01801224615667353,0.01801224615667353,0.01115764947951556,0.01115764947951556,NA
L3-cdr-plantsABC-compagnoni.csv,1iJEhY82nu9PVw1yVVxjGr7-hO1DnqjQz,1982,2004,23,22,BIOMASS,12.130434782608695,C_41,1,0.018631179181431604,0.018631179181431604,0.011123210697602848,0.011123210697602848,NA
L3-cdr-plantsABC-compagnoni.csv,1iJEhY82nu9PVw1yVVxjGr7-hO1DnqjQz,1982,2004,23,22,BIOMASS,14.478260869565217,C_43,1,0.011225989082862915,0.011225989082862915,0.0035778844763696732,0.0035778844763696732,NA
L3-cdr-plantsABC-compagnoni.csv,1iJEhY82nu9PVw1yVVxjGr7-hO1DnqjQz,1982,2004,23,22,BIOMASS,11,C_47,1,0.01804978053982121,0.01804978053982121,0.004445856925963769,0.004445856925963769,NA
L3-cdr-plantsABC-compagnoni.csv,1iJEhY82nu9PVw1yVVxjGr7-hO1DnqjQz,1982,2004,23,22,BIOMASS,9.043478260869565,C_8,1,0.011499988625945022,0.011499988625945022,0.006742712764202744,0.006742712764202744,NA
L3-cdr-plantsD-compagnoni.csv,1OK4nBDmHiHgdNwQStwb8F_stVqqsERJm,1982,2004,23,22,BIOMASS,13.73913043478261,D_1,1,0.022694708746713657,0.022694708746713657,0.02575571816807951,0.02575571816807951,NA
L3-cdr-plantsD-compagnoni.csv,1OK4nBDmHiHgdNwQStwb8F_stVqqsERJm,1982,2004,23,22,BIOMASS,14.565217391304348,D_17,1,0.019742316241976664,0.019742316241976664,0.010998140692772624,0.010998140692772624,NA
L3-cdr-plantsD-compagnoni.csv,1OK4nBDmHiHgdNwQStwb8F_stVqqsERJm,1982,2004,23,22,BIOMASS,14.043478260869565,D_36,1,0.022420411283277427,0.022420411283277427,0.010650077255094028,0.010650077255094028,NA
L3-cdr-plantsD-compagnoni.csv,1OK4nBDmHiHgdNwQStwb8F_stVqqsERJm,1982,2004,23,22,BIOMASS,13.608695652173912,D_38,1,0.01906489033210386,0.01906489033210386,0.007451106142428863,0.007451106142428863,NA
L3-cdr-plantsD-compagnoni.csv,1OK4nBDmHiHgdNwQStwb8F_stVqqsERJm,1982,2004,23,22,BIOMASS,13.347826086956522,D_39,1,0.018408437784816326,0.018408437784816326,0.009047025195083623,0.009047025195083623,NA
L3-fce-diatoms-catano.csv,1twY-ZsfAkgQDzxXBhbn074O7lDks2KCT,2005,2011,7,6,PERCENT,10.857142857142858,100,1,0.015818341684165446,0.015818341684165446,2.222222222235549e-11,2.222222222235549e-11,NA
L3-fce-diatoms-catano.csv,1twY-ZsfAkgQDzxXBhbn074O7lDks2KCT,2005,2011,7,6,PERCENT,13.857142857142858,111,1,0.021097315569237007,0.021097315569237007,2.044611672155019e-5,2.044611672155019e-5,NA
L3-fce-diatoms-catano.csv,1twY-ZsfAkgQDzxXBhbn074O7lDks2KCT,2005,2011,7,6,PERCENT,16.571428571428573,115,1,0.019400413651993652,0.019400413651993652,7.903567238738369e-5,7.903567238738369e-5,NA
L3-fce-diatoms-catano.csv,1twY-ZsfAkgQDzxXBhbn074O7lDks2KCT,2005,2011,7,6,PERCENT,13.428571428571429,132,1,0.023815059795125163,0.023815059795125163,9.523945579633359e-12,9.523945579633359e-12,NA
L3-fce-diatoms-catano.csv,1twY-ZsfAkgQDzxXBhbn074O7lDks2KCT,2005,2011,7,6,PERCENT,14.571428571428571,148,1,0.022922055015771547,0.022922055015771547,3.4360746035441123e-07,3.4360746035441123e-07,NA
L3-fce-diatoms-catano.csv,1twY-ZsfAkgQDzxXBhbn074O7lDks2KCT,2005,2011,7,6,PERCENT,13.142857142857142,164,1,0.016003539929402056,0.016003539929402056,5.555555555545451e-11,5.555555555545451e-11,NA
L3-fce-diatoms-catano.csv,1twY-ZsfAkgQDzxXBhbn074O7lDks2KCT,2005,2011,7,6,PERCENT,14,171,1,0.031149636911562178,0.031149636911562178,3.4145396802715524e-6,3.4145396802715524e-6,NA
L3-fce-diatoms-catano.csv,1twY-ZsfAkgQDzxXBhbn074O7lDks2KCT,2005,2011,7,6,PERCENT,13.142857142857142,179,1,0.01612955359857797,0.01612955359857797,1.4433785601147081e-6,1.4433785601147081e-6,NA
L3-fce-diatoms-catano.csv,1twY-ZsfAkgQDzxXBhbn074O7lDks2KCT,2005,2011,7,6,PERCENT,12.428571428571429,196,1,0.01180501327132378,0.01180501327132378,3.0745711622760404e-6,3.0745711622760404e-6,NA
L3-fce-diatoms-catano.csv,1twY-ZsfAkgQDzxXBhbn074O7lDks2KCT,2005,2011,7,6,PERCENT,13,199,1,0.01454791380234823,0.01454791380234823,7.958793540804033e-6,7.958793540804033e-6,NA
L3-fce-diatoms-catano.csv,1twY-ZsfAkgQDzxXBhbn074O7lDks2KCT,2005,2011,7,6,PERCENT,13,207,1,0.025313743790019095,0.025313743790019095,5.537010281536461e-6,5.537010281536461e-6,NA
L3-fce-diatoms-catano.csv,1twY-ZsfAkgQDzxXBhbn074O7lDks2KCT,2005,2011,7,6,PERCENT,13.857142857142858,212,1,0.02365590100071671,0.02365590100071671,6.076387731924873e-7,6.076387731924873e-7,NA
L3-fce-diatoms-catano.csv,1twY-ZsfAkgQDzxXBhbn074O7lDks2KCT,2005,2011,7,6,PERCENT,20,219,1,0.06378663982580336,0.06378663982580336,3.042601258201457e-5,3.042601258201457e-5,NA
L3-fce-diatoms-catano.csv,1twY-ZsfAkgQDzxXBhbn074O7lDks2KCT,2005,2011,7,6,PERCENT,14.285714285714286,223,1,0.026914705206032046,0.026914705206032046,1.9820981598427127e-5,1.9820981598427127e-5,NA
L3-fce-diatoms-catano.csv,1twY-ZsfAkgQDzxXBhbn074O7lDks2KCT,2005,2011,7,6,PERCENT,14.428571428571429,228,1,0.027989225850497637,0.027989225850497637,4.1270784596703347e-11,4.1270784596703347e-11,NA
L3-fce-diatoms-catano.csv,1twY-ZsfAkgQDzxXBhbn074O7lDks2KCT,2005,2011,7,6,PERCENT,12.142857142857142,23,1,0.012834573261867599,0.012834573261867599,2.344251788074436e-5,2.344251788074436e-5,NA
L3-fce-diatoms-catano.csv,1twY-ZsfAkgQDzxXBhbn074O7lDks2KCT,2005,2011,7,6,PERCENT,13.571428571428571,235,1,0.04544163756995497,0.04544163756995497,7.97255854256029e-5,7.97255854256029e-5,NA
L3-fce-diatoms-catano.csv,1twY-ZsfAkgQDzxXBhbn074O7lDks2KCT,2005,2011,7,6,PERCENT,14.285714285714286,236,1,0.020084222468895515,0.020084222468895515,3.850907549227977e-7,3.850907549227977e-7,NA
L3-fce-diatoms-catano.csv,1twY-ZsfAkgQDzxXBhbn074O7lDks2KCT,2005,2011,7,6,PERCENT,15.285714285714286,243,1,0.015751102176746752,0.015751102176746752,1.4431636076528973e-6,1.4431636076528973e-6,NA
L3-fce-diatoms-catano.csv,1twY-ZsfAkgQDzxXBhbn074O7lDks2KCT,2005,2011,7,6,PERCENT,21.714285714285715,254,1,0.07881952336760992,0.07881952336760992,5.442835980725187e-6,5.442835980725187e-6,NA
L3-fce-diatoms-catano.csv,1twY-ZsfAkgQDzxXBhbn074O7lDks2KCT,2005,2011,7,6,PERCENT,16.285714285714285,255,1,0.028910775308452086,0.028910775308452086,9.47313257893091e-6,9.47313257893091e-6,NA
L3-fce-diatoms-catano.csv,1twY-ZsfAkgQDzxXBhbn074O7lDks2KCT,2005,2011,7,6,PERCENT,14.142857142857142,36,1,0.016717542875136715,0.016717542875136715,9.218546901799703e-6,9.218546901799703e-6,NA
L3-fce-diatoms-catano.csv,1twY-ZsfAkgQDzxXBhbn074O7lDks2KCT,2005,2011,7,6,PERCENT,15.142857142857142,39,1,0.025201935627966174,0.025201935627966174,5.455762784718679e-5,5.455762784718679e-5,NA
L3-fce-diatoms-catano.csv,1twY-ZsfAkgQDzxXBhbn074O7lDks2KCT,2005,2011,7,6,PERCENT,12.142857142857142,4,1,0.019278408711159708,0.019278408711159708,1.3145467319980305e-5,1.3145467319980305e-5,NA
L3-fce-diatoms-catano.csv,1twY-ZsfAkgQDzxXBhbn074O7lDks2KCT,2005,2011,7,6,PERCENT,12.857142857142858,47,1,0.01713277495177733,0.01713277495177733,3.5427062121213415e-7,3.5427062121213415e-7,NA
L3-fce-diatoms-catano.csv,1twY-ZsfAkgQDzxXBhbn074O7lDks2KCT,2005,2011,7,6,PERCENT,16.142857142857142,55,1,0.033200365753614465,0.033200365753614465,7.709617873640161e-4,7.709617873640161e-4,NA
L3-fce-diatoms-catano.csv,1twY-ZsfAkgQDzxXBhbn074O7lDks2KCT,2005,2011,7,6,PERCENT,14.714285714285714,60,1,0.021427103804670042,0.021427103804670042,6.076276371824333e-7,6.076276371824333e-7,NA
L3-fce-diatoms-catano.csv,1twY-ZsfAkgQDzxXBhbn074O7lDks2KCT,2005,2011,7,6,PERCENT,14.142857142857142,68,1,0.026350548299011067,0.026350548299011067,2.4227279179218053e-6,2.4227279179218053e-6,NA
L3-fce-diatoms-catano.csv,1twY-ZsfAkgQDzxXBhbn074O7lDks2KCT,2005,2011,7,6,PERCENT,19,7,1,0.03350123868388369,0.03350123868388369,4.224287758859324e-5,4.224287758859324e-5,NA
L3-fce-diatoms-catano.csv,1twY-ZsfAkgQDzxXBhbn074O7lDks2KCT,2005,2011,7,6,PERCENT,20.857142857142858,84,1,0.03908201471021528,0.03908201471021528,2.9025216810249675e-6,2.9025216810249675e-6,NA
L3-and-plants-mtStHelens.csv,18fEHgvT0mcHuiLY1H3h-bOl41wVEcL5S,NA,NA,NA,NA,NA,NA,NA,NA,NA,NA,NA,NA,"WARNING: missing column names: OBSERVATION_TYPE, SITE_ID, DATE, VARIABLE_NAME, VARIABLE_UNITS, VALUE for L3-and-plants-mtStHelens.csv | WARNING: data not formatted correctly for L3-and-plants-mtStHelens.csv"
L3-luq-snails-compagnoni.csv,11xfteAue9eXtZeCotUCazUMzXraWXiVt,1991,2017,27,26,COUNT (yearly mean),4.518518518518518,100,1,0.011345150294874344,0.011345150294874344,0.017134337157440394,0.017134337157440394,NA
L3-luq-snails-compagnoni.csv,11xfteAue9eXtZeCotUCazUMzXraWXiVt,1991,2017,27,26,COUNT (yearly mean),6.555555555555555,139,1,0.007098536336186845,0.007098536336186845,0.02262406206315622,0.02262406206315622,NA
L3-luq-snails-compagnoni.csv,11xfteAue9eXtZeCotUCazUMzXraWXiVt,1991,2017,27,26,COUNT (yearly mean),6.074074074074074,142,1,0.0065153394579646655,0.0065153394579646655,0.010892201674433942,0.010892201674433942,NA
L3-luq-snails-compagnoni.csv,11xfteAue9eXtZeCotUCazUMzXraWXiVt,1991,2017,27,26,COUNT (yearly mean),5.111111111111111,145,1,0.008156481999540126,0.008156481999540126,0.019454076416204488,0.019454076416204488,NA
L3-luq-snails-compagnoni.csv,11xfteAue9eXtZeCotUCazUMzXraWXiVt,1991,2017,27,26,COUNT (yearly mean),5.62962962962963,148,1,0.0036337731743884957,0.0036337731743884957,0.003512071302896787,0.003512071302896787,NA
L3-luq-snails-compagnoni.csv,11xfteAue9eXtZeCotUCazUMzXraWXiVt,1991,2017,27,26,COUNT (yearly mean),5.814814814814815,151,1,0.003603206036534292,0.003603206036534292,0.005459706006948098,0.005459706006948098,NA
L3-luq-snails-compagnoni.csv,11xfteAue9eXtZeCotUCazUMzXraWXiVt,1991,2017,27,26,COUNT (yearly mean),5.592592592592593,190,1,0.0059901009054765175,0.0059901009054765175,0.005548726195124755,0.005548726195124755,NA
L3-luq-snails-compagnoni.csv,11xfteAue9eXtZeCotUCazUMzXraWXiVt,1991,2017,27,26,COUNT (yearly mean),5.851851851851852,193,1,0.0034363736033011685,0.0034363736033011685,0.0051614398803949335,0.0051614398803949335,NA
L3-luq-snails-compagnoni.csv,11xfteAue9eXtZeCotUCazUMzXraWXiVt,1991,2017,27,26,COUNT (yearly mean),5.111111111111111,196,1,0.008576545011443396,0.008576545011443396,0.015387310531236098,0.015387310531236098,NA
L3-luq-snails-compagnoni.csv,11xfteAue9eXtZeCotUCazUMzXraWXiVt,1991,2017,27,26,COUNT (yearly mean),4.481481481481482,199,1,0.011039063514751856,0.011039063514751856,0.02118894084463376,0.02118894084463376,NA
L3-luq-snails-compagnoni.csv,11xfteAue9eXtZeCotUCazUMzXraWXiVt,1991,2017,27,26,COUNT (yearly mean),4.925925925925926,202,1,0.00621217237422201,0.00621217237422201,0.01887336652672753,0.01887336652672753,NA
L3-luq-snails-compagnoni.csv,11xfteAue9eXtZeCotUCazUMzXraWXiVt,1991,2017,27,26,COUNT (yearly mean),4.037037037037037,241,1,0.008316031046242596,0.008316031046242596,0.03483783469361998,0.03483783469361998,NA
L3-luq-snails-compagnoni.csv,11xfteAue9eXtZeCotUCazUMzXraWXiVt,1991,2017,27,26,COUNT (yearly mean),4.2592592592592595,244,1,0.007642089284181907,0.007642089284181907,0.02567494595515052,0.02567494595515052,NA
L3-luq-snails-compagnoni.csv,11xfteAue9eXtZeCotUCazUMzXraWXiVt,1991,2017,27,26,COUNT (yearly mean),4.296296296296297,247,1,0.00802328204640143,0.00802328204640143,0.02629071485671799,0.02629071485671799,NA
L3-luq-snails-compagnoni.csv,11xfteAue9eXtZeCotUCazUMzXraWXiVt,1991,2017,27,26,COUNT (yearly mean),6.518518518518518,250,1,0.006503510258528616,0.006503510258528616,0.01402452384794828,0.01402452384794828,NA
L3-luq-snails-compagnoni.csv,11xfteAue9eXtZeCotUCazUMzXraWXiVt,1991,2017,27,26,COUNT (yearly mean),4.592592592592593,253,1,0.008914217502174453,0.008914217502174453,0.023077841584937236,0.023077841584937236,NA
L3-luq-snails-compagnoni.csv,11xfteAue9eXtZeCotUCazUMzXraWXiVt,1991,2017,27,26,COUNT (yearly mean),5.148148148148148,292,1,0.005734645953358515,0.005734645953358515,0.00717417065901531,0.00717417065901531,NA
L3-luq-snails-compagnoni.csv,11xfteAue9eXtZeCotUCazUMzXraWXiVt,1991,2017,27,26,COUNT (yearly mean),6.185185185185185,295,1,0.008892411829522412,0.008892411829522412,0.019673556134375134,0.019673556134375134,NA
L3-luq-snails-compagnoni.csv,11xfteAue9eXtZeCotUCazUMzXraWXiVt,1991,2017,27,26,COUNT (yearly mean),5.407407407407407,298,1,0.00994198487356937,0.00994198487356937,0.011959950934199708,0.011959950934199708,NA
L3-luq-snails-compagnoni.csv,11xfteAue9eXtZeCotUCazUMzXraWXiVt,1991,2017,27,26,COUNT (yearly mean),6.888888888888889,301,1,0.007702059327120951,0.007702059327120951,0.009023088669776507,0.009023088669776507,NA
L3-luq-snails-compagnoni.csv,11xfteAue9eXtZeCotUCazUMzXraWXiVt,1991,2017,27,26,COUNT (yearly mean),4.962962962962963,304,1,0.006481227348882359,0.006481227348882359,0.00882542738624543,0.00882542738624543,NA
L3-luq-snails-compagnoni.csv,11xfteAue9eXtZeCotUCazUMzXraWXiVt,1991,2017,27,26,COUNT (yearly mean),4.851851851851852,343,1,0.0054564192600169825,0.0054564192600169825,0.015306558065409766,0.015306558065409766,NA
L3-luq-snails-compagnoni.csv,11xfteAue9eXtZeCotUCazUMzXraWXiVt,1991,2017,27,26,COUNT (yearly mean),5.444444444444445,346,1,0.005624740430671385,0.005624740430671385,0.006947592546944359,0.006947592546944359,NA
L3-luq-snails-compagnoni.csv,11xfteAue9eXtZeCotUCazUMzXraWXiVt,1991,2017,27,26,COUNT (yearly mean),5.37037037037037,349,1,0.009393451443999754,0.009393451443999754,0.013691502185522814,0.013691502185522814,NA
L3-luq-snails-compagnoni.csv,11xfteAue9eXtZeCotUCazUMzXraWXiVt,1991,2017,27,26,COUNT (yearly mean),6.111111111111111,352,1,0.008356196686403118,0.008356196686403118,0.012728055648489554,0.012728055648489554,NA
L3-luq-snails-compagnoni.csv,11xfteAue9eXtZeCotUCazUMzXraWXiVt,1991,2017,27,26,COUNT (yearly mean),5,355,1,0.006844478723223851,0.006844478723223851,0.012764431695673624,0.012764431695673624,NA
L3-luq-snails-compagnoni.csv,11xfteAue9eXtZeCotUCazUMzXraWXiVt,1991,2017,27,26,COUNT (yearly mean),5.592592592592593,37,1,0.008974111266156255,0.008974111266156255,0.011890415476589117,0.011890415476589117,NA
L3-luq-snails-compagnoni.csv,11xfteAue9eXtZeCotUCazUMzXraWXiVt,1991,2017,27,26,COUNT (yearly mean),4.962962962962963,394,1,0.004901837125085388,0.004901837125085388,0.009575262007024457,0.009575262007024457,NA
L3-luq-snails-compagnoni.csv,11xfteAue9eXtZeCotUCazUMzXraWXiVt,1991,2017,27,26,COUNT (yearly mean),4.851851851851852,397,1,0.009760436193448553,0.009760436193448553,0.022485420234621536,0.022485420234621536,NA
L3-luq-snails-compagnoni.csv,11xfteAue9eXtZeCotUCazUMzXraWXiVt,1991,2017,27,26,COUNT (yearly mean),5.148148148148148,40,1,0.004288155596232148,0.004288155596232148,0.004620449749755716,0.004620449749755716,NA
L3-luq-snails-compagnoni.csv,11xfteAue9eXtZeCotUCazUMzXraWXiVt,1991,2017,27,26,COUNT (yearly mean),4.888888888888889,400,1,0.009381114181929127,0.009381114181929127,0.013369483153627657,0.013369483153627657,NA
L3-luq-snails-compagnoni.csv,11xfteAue9eXtZeCotUCazUMzXraWXiVt,1991,2017,27,26,COUNT (yearly mean),4.666666666666667,403,1,0.00990099084983643,0.00990099084983643,0.029715019190494463,0.029715019190494463,NA
L3-luq-snails-compagnoni.csv,11xfteAue9eXtZeCotUCazUMzXraWXiVt,1991,2017,27,26,COUNT (yearly mean),4.481481481481482,406,1,0.011090339437890341,0.011090339437890341,0.015199872325437073,0.015199872325437073,NA
L3-luq-snails-compagnoni.csv,11xfteAue9eXtZeCotUCazUMzXraWXiVt,1991,2017,27,26,COUNT (yearly mean),4.111111111111111,43,1,0.008704606056463268,0.008704606056463268,0.018097371897556957,0.018097371897556957,NA
L3-luq-snails-compagnoni.csv,11xfteAue9eXtZeCotUCazUMzXraWXiVt,1991,2017,27,26,COUNT (yearly mean),5.185185185185185,46,1,0.007678574125838173,0.007678574125838173,0.007275732627512418,0.007275732627512418,NA
L3-luq-snails-compagnoni.csv,11xfteAue9eXtZeCotUCazUMzXraWXiVt,1991,2017,27,26,COUNT (yearly mean),2.7037037037037037,49,NaN,NaN,NaN,NA,NA,NA
L3-luq-snails-compagnoni.csv,11xfteAue9eXtZeCotUCazUMzXraWXiVt,1991,2017,27,26,COUNT (yearly mean),5.481481481481482,88,1,0.012830540897157183,0.012830540897157183,0.01120489080316114,0.01120489080316114,NA
L3-luq-snails-compagnoni.csv,11xfteAue9eXtZeCotUCazUMzXraWXiVt,1991,2017,27,26,COUNT (yearly mean),6.185185185185185,91,1,0.010982267735707395,0.010982267735707395,0.007571974143490013,0.007571974143490013,NA
L3-luq-snails-compagnoni.csv,11xfteAue9eXtZeCotUCazUMzXraWXiVt,1991,2017,27,26,COUNT (yearly mean),4.407407407407407,94,1,0.011957740032000404,0.011957740032000404,0.019040572287818434,0.019040572287818434,NA
L3-luq-snails-compagnoni.csv,11xfteAue9eXtZeCotUCazUMzXraWXiVt,1991,2017,27,26,COUNT (yearly mean),6.296296296296297,97,1,0.0070886683146747075,0.0070886683146747075,0.005324603427165865,0.005324603427165865,NA
L3-cap-birds-banville.csv,18fvkVN_x2DYCY7ssCSOGANgYjVCFUHZw,NA,NA,NA,NA,NA,NA,NA,NA,NA,NA,NA,NA,"WARNING: missing column names: OBSERVATION_TYPE, SITE_ID, DATE, VARIABLE_NAME, VARIABLE_UNITS, VALUE for L3-cap-birds-banville.csv | WARNING: data not formatted correctly for L3-cap-birds-banville.csv"
L3-cdr-grasshopper-compagnoni.csv,1UzmNyjqOCNrRpagCCLXsHMlSlyM1WJN_,1989,2006,18,17,COUNT (monthly sum),10.444444444444445,21,1,0.012393221844932465,0.012393221844932465,0.027824822038750013,0.027824822038750013,NA
L3-cdr-grasshopper-compagnoni.csv,1UzmNyjqOCNrRpagCCLXsHMlSlyM1WJN_,1989,2006,18,17,COUNT (monthly sum),11.555555555555555,24,1,0.013199230261983426,0.013199230261983426,0.02794514624206027,0.02794514624206027,NA
L3-cdr-grasshopper-compagnoni.csv,1UzmNyjqOCNrRpagCCLXsHMlSlyM1WJN_,1989,2006,18,17,COUNT (monthly sum),10.555555555555555,26,1,0.020224847926876885,0.020224847926876885,0.019652330450616,0.019652330450616,NA
L3-cdr-grasshopper-compagnoni.csv,1UzmNyjqOCNrRpagCCLXsHMlSlyM1WJN_,1989,2006,18,17,COUNT (monthly sum),9.777777777777779,27,1,0.016913160989702816,0.016913160989702816,0.036961802514362194,0.036961802514362194,NA
L3-cdr-grasshopper-compagnoni.csv,1UzmNyjqOCNrRpagCCLXsHMlSlyM1WJN_,1989,2006,18,17,COUNT (monthly sum),11.11111111111111,32,1,0.020522966130198037,0.020522966130198037,0.05014215239303772,0.05014215239303772,NA
L3-cdr-grasshopper-compagnoni.csv,1UzmNyjqOCNrRpagCCLXsHMlSlyM1WJN_,1989,2006,18,17,COUNT (monthly sum),12.166666666666666,35,1,0.016896908438499177,0.016896908438499177,0.04166320548706331,0.04166320548706331,NA
L3-cdr-grasshopper-compagnoni.csv,1UzmNyjqOCNrRpagCCLXsHMlSlyM1WJN_,1989,2006,18,17,COUNT (monthly sum),10.5,39,1,0.01208365358219024,0.01208365358219024,0.02215273805279797,0.02215273805279797,NA
L3-cdr-grasshopper-compagnoni.csv,1UzmNyjqOCNrRpagCCLXsHMlSlyM1WJN_,1989,2006,18,17,COUNT (monthly sum),13.166666666666666,4,1,0.016376222046313147,0.016376222046313147,0.11020685547378957,0.11020685547378957,NA
L3-cdr-grasshopper-compagnoni.csv,1UzmNyjqOCNrRpagCCLXsHMlSlyM1WJN_,1989,2006,18,17,COUNT (monthly sum),9.333333333333334,40,1,0.012574180437617754,0.012574180437617754,0.02987028360845955,0.02987028360845955,NA
L3-cdr-grasshopper-compagnoni.csv,1UzmNyjqOCNrRpagCCLXsHMlSlyM1WJN_,1989,2006,18,17,COUNT (monthly sum),11.944444444444445,41,1,0.010659653941280272,0.010659653941280272,0.021388038149458853,0.021388038149458853,NA
L3-cdr-grasshopper-compagnoni.csv,1UzmNyjqOCNrRpagCCLXsHMlSlyM1WJN_,1989,2006,18,17,COUNT (monthly sum),10.38888888888889,44,1,0.011018273194044274,0.011018273194044274,0.03092803732192766,0.03092803732192766,NA
L3-cdr-grasshopper-compagnoni.csv,1UzmNyjqOCNrRpagCCLXsHMlSlyM1WJN_,1989,2006,18,17,COUNT (monthly sum),13.055555555555555,45,1,0.013633028148966407,0.013633028148966407,0.042066092676452886,0.042066092676452886,NA
L3-cdr-grasshopper-compagnoni.csv,1UzmNyjqOCNrRpagCCLXsHMlSlyM1WJN_,1989,2006,18,17,COUNT (monthly sum),8.333333333333334,47,1,0.012216425479953904,0.012216425479953904,0.029345854655941174,0.029345854655941174,NA
L3-cdr-grasshopper-compagnoni.csv,1UzmNyjqOCNrRpagCCLXsHMlSlyM1WJN_,1989,2006,18,17,COUNT (monthly sum),10.38888888888889,5,1,0.015993794899754492,0.015993794899754492,0.04582986317668056,0.04582986317668056,NA
L3-cdr-grasshopper-compagnoni.csv,1UzmNyjqOCNrRpagCCLXsHMlSlyM1WJN_,1989,2006,18,17,COUNT (monthly sum),10.5,53,1,0.014459003373305449,0.014459003373305449,0.024462802735607404,0.024462802735607404,NA
L3-cdr-grasshopper-compagnoni.csv,1UzmNyjqOCNrRpagCCLXsHMlSlyM1WJN_,1989,2006,18,17,COUNT (monthly sum),13.055555555555555,70,1,0.012092017445521911,0.012092017445521911,0.033946652000182084,0.033946652000182084,NA
L3-cdr-grasshopper-compagnoni.csv,1UzmNyjqOCNrRpagCCLXsHMlSlyM1WJN_,1989,2006,18,17,COUNT (monthly sum),15.833333333333334,72,1,0.015170290222132784,0.015170290222132784,0.018685671937112108,0.018685671937112108,NA
L3-cdr-grasshopper-compagnoni.csv,1UzmNyjqOCNrRpagCCLXsHMlSlyM1WJN_,1989,2006,18,17,COUNT (monthly sum),10.444444444444445,76,1,0.02364025138043404,0.02364025138043404,0.03041183658881669,0.03041183658881669,NA
L3-cdr-grasshopper-compagnoni.csv,1UzmNyjqOCNrRpagCCLXsHMlSlyM1WJN_,1989,2006,18,17,COUNT (monthly sum),11.277777777777779,77,1,0.018697448453500395,0.018697448453500395,0.0177045259515571,0.0177045259515571,NA
L3-ntl-fish-stanleyLottig.csv,0B2P104M94skvOVBOZnIyUGQ1ZVU,1981,2017,37,36,CPUE,20.486486486486488,AL,1,0.0055035364761391375,0.0055035364761391375,0.03355403264943804,0.03355403264943804,NA
L3-ntl-fish-stanleyLottig.csv,0B2P104M94skvOVBOZnIyUGQ1ZVU,1981,2017,37,36,CPUE,17.324324324324323,BM,1,0.008130293516889295,0.008130293516889295,0.07349908538487797,0.07349908538487797,NA
L3-ntl-fish-stanleyLottig.csv,0B2P104M94skvOVBOZnIyUGQ1ZVU,1981,2017,37,36,CPUE,7.972972972972973,CR,1,0.010523796266114039,0.010523796266114039,0.0537505866880159,0.0537505866880159,NA
L3-ntl-fish-stanleyLottig.csv,0B2P104M94skvOVBOZnIyUGQ1ZVU,1981,2017,37,36,CPUE,13.756756756756756,SP,1,0.008202483921347174,0.008202483921347174,0.011841731087903519,0.011841731087903519,NA
L3-ntl-fish-stanleyLottig.csv,0B2P104M94skvOVBOZnIyUGQ1ZVU,1981,2017,37,36,CPUE,22.35135135135135,TR,1,0.006089535735387196,0.006089535735387196,0.010342501757153497,0.010342501757153497,NA
L3-bes-birds-nilon.csv,1ozkicOn1NPNcpe-s_-6WK8YtgqqmmTQV,2005,2009,5,4,count,1.6,uf10,1,0.153013864755729,0.153013864755729,0.07812500000000001,0.07812500000000001,NA
L3-bes-birds-nilon.csv,1ozkicOn1NPNcpe-s_-6WK8YtgqqmmTQV,2005,2009,5,4,count,1.8,uf100,1,0.10323880246217446,0.10323880246217446,0.10396975425330814,0.10396975425330814,NA
L3-bes-birds-nilon.csv,1ozkicOn1NPNcpe-s_-6WK8YtgqqmmTQV,2005,2009,5,4,count,1.2,uf101,1,0.018350341907227397,0.018350341907227397,0.034722222222222224,0.034722222222222224,NA
L3-bes-birds-nilon.csv,1ozkicOn1NPNcpe-s_-6WK8YtgqqmmTQV,2005,2009,5,4,count,1.8,uf14,1,0.19667703092736225,0.19667703092736225,0.3930055401662051,0.3930055401662051,NA
L3-bes-birds-nilon.csv,1ozkicOn1NPNcpe-s_-6WK8YtgqqmmTQV,2005,2009,5,4,count,1.8,uf146,1,0.06637368337971424,0.06637368337971424,0.34439878892733555,0.34439878892733555,NA
L3-bes-birds-nilon.csv,1ozkicOn1NPNcpe-s_-6WK8YtgqqmmTQV,2005,2009,5,4,count,2,uf157,1,0.04246468229794428,0.04246468229794428,0.04396778435239973,0.04396778435239973,NA
L3-bes-birds-nilon.csv,1ozkicOn1NPNcpe-s_-6WK8YtgqqmmTQV,2005,2009,5,4,count,1.6,uf171,1,0.09391535229911531,0.09391535229911531,0.4297760770975057,0.4297760770975057,NA
L3-bes-birds-nilon.csv,1ozkicOn1NPNcpe-s_-6WK8YtgqqmmTQV,2005,2009,5,4,count,2,uf174,1,0.04554544599797941,0.04554544599797941,0.19138313609467456,0.19138313609467456,NA
L3-bes-birds-nilon.csv,1ozkicOn1NPNcpe-s_-6WK8YtgqqmmTQV,2005,2009,5,4,count,1.8,uf179,1,0.22718782607914811,0.22718782607914811,0.29513888888888895,0.29513888888888895,NA
L3-bes-birds-nilon.csv,1ozkicOn1NPNcpe-s_-6WK8YtgqqmmTQV,2005,2009,5,4,count,1.2,uf189,1,0.16464466094067265,0.16464466094067265,0.2734375,0.2734375,NA
L3-bes-birds-nilon.csv,1ozkicOn1NPNcpe-s_-6WK8YtgqqmmTQV,2005,2009,5,4,count,3,uf19,1,0.1572818723471047,0.1572818723471047,0.06365740740740738,0.06365740740740738,NA
L3-bes-birds-nilon.csv,1ozkicOn1NPNcpe-s_-6WK8YtgqqmmTQV,2005,2009,5,4,count,2,uf25,1,0.21708758547680684,0.21708758547680684,0.011094674556213014,0.011094674556213014,NA
L3-bes-birds-nilon.csv,1ozkicOn1NPNcpe-s_-6WK8YtgqqmmTQV,2005,2009,5,4,count,1.2,uf29,1,0.008712907082472316,0.008712907082472316,0.1590236686390533,0.1590236686390533,NA
L3-bes-birds-nilon.csv,1ozkicOn1NPNcpe-s_-6WK8YtgqqmmTQV,2005,2009,5,4,count,1.8,uf30,1,0.13376894241917353,0.13376894241917353,0.06591796875,0.06591796875,NA
L3-bes-birds-nilon.csv,1ozkicOn1NPNcpe-s_-6WK8YtgqqmmTQV,2005,2009,5,4,count,1.6,uf32,1,0.09627300356075405,0.09627300356075405,0.2734375,0.2734375,NA
L3-bes-birds-nilon.csv,1ozkicOn1NPNcpe-s_-6WK8YtgqqmmTQV,2005,2009,5,4,count,2,uf36,1,0.15666592014006842,0.15666592014006842,0.06365740740740738,0.06365740740740738,NA
L3-bes-birds-nilon.csv,1ozkicOn1NPNcpe-s_-6WK8YtgqqmmTQV,2005,2009,5,4,count,2.2,uf38,1,0.1693813782152103,0.1693813782152103,0.02958579881656804,0.02958579881656804,NA
L3-bes-birds-nilon.csv,1ozkicOn1NPNcpe-s_-6WK8YtgqqmmTQV,2005,2009,5,4,count,1.2,uf57,1,0.20732233047033632,0.20732233047033632,0.034722222222222224,0.034722222222222224,NA
L3-bes-birds-nilon.csv,1ozkicOn1NPNcpe-s_-6WK8YtgqqmmTQV,2005,2009,5,4,count,1.6,uf60,1,0.14033121635129678,0.14033121635129678,0.05420918367346939,0.05420918367346939,NA
L3-bes-birds-nilon.csv,1ozkicOn1NPNcpe-s_-6WK8YtgqqmmTQV,2005,2009,5,4,count,2,uf65,1,0.0621036182213823,0.0621036182213823,0.13780381944444448,0.13780381944444448,NA
L3-bes-birds-nilon.csv,1ozkicOn1NPNcpe-s_-6WK8YtgqqmmTQV,2005,2009,5,4,count,1.4,uf66,1,0.04226497308103742,0.04226497308103742,0.1215277777777778,0.1215277777777778,NA
L3-bes-birds-nilon.csv,1ozkicOn1NPNcpe-s_-6WK8YtgqqmmTQV,2005,2009,5,4,count,2,WS1,1,0.08807341308563518,0.08807341308563518,0.2777777777777778,0.2777777777777778,NA
L3-bes-birds-nilon.csv,1ozkicOn1NPNcpe-s_-6WK8YtgqqmmTQV,2005,2009,5,4,count,1.8,WS14,1,0.13446699141100893,0.13446699141100893,0.015432098765432105,0.015432098765432105,NA
L3-bes-birds-nilon.csv,1ozkicOn1NPNcpe-s_-6WK8YtgqqmmTQV,2005,2009,5,4,count,2,WS20,1,0.11087703864439587,0.11087703864439587,0.12759924385633273,0.12759924385633273,NA
L3-bes-birds-nilon.csv,1ozkicOn1NPNcpe-s_-6WK8YtgqqmmTQV,2005,2009,5,4,count,1.6,WS23,1,0.12020876231175034,0.12020876231175034,0.0665680473372781,0.0665680473372781,NA
L3-bes-birds-nilon.csv,1ozkicOn1NPNcpe-s_-6WK8YtgqqmmTQV,2005,2009,5,4,count,2.4,WS25,1,0.09608133235035672,0.09608133235035672,0.1432291666666667,0.1432291666666667,NA
L3-bes-birds-nilon.csv,1ozkicOn1NPNcpe-s_-6WK8YtgqqmmTQV,2005,2009,5,4,count,2.4,WS28,1,0.07879899385955277,0.07879899385955277,0.12329931972789113,0.12329931972789113,NA
L3-bes-birds-nilon.csv,1ozkicOn1NPNcpe-s_-6WK8YtgqqmmTQV,2005,2009,5,4,count,2,WS29,1,0.16532762944996443,0.16532762944996443,0.1527777777777778,0.1527777777777778,NA
L3-bes-birds-nilon.csv,1ozkicOn1NPNcpe-s_-6WK8YtgqqmmTQV,2005,2009,5,4,count,2.2,WS31,1,0.06249587302933476,0.06249587302933476,0.045438957475994496,0.045438957475994496,NA
L3-bes-birds-nilon.csv,1ozkicOn1NPNcpe-s_-6WK8YtgqqmmTQV,2005,2009,5,4,count,2.2,WS33,1,0.1377991532071854,0.1377991532071854,0.005787037037037036,0.005787037037037036,NA
L3-bes-birds-nilon.csv,1ozkicOn1NPNcpe-s_-6WK8YtgqqmmTQV,2005,2009,5,4,count,1.6,WS37,1,0.17402354971849865,0.17402354971849865,0.06198347107438014,0.06198347107438014,NA
L3-bes-birds-nilon.csv,1ozkicOn1NPNcpe-s_-6WK8YtgqqmmTQV,2005,2009,5,4,count,1.8,WS4,1,0.07275609576613838,0.07275609576613838,0.35005668934240375,0.35005668934240375,NA
L3-bes-birds-nilon.csv,1ozkicOn1NPNcpe-s_-6WK8YtgqqmmTQV,2005,2009,5,4,count,1.6,WS40,1,0.15843040899101962,0.15843040899101962,0.18055555555555552,0.18055555555555552,NA
L3-bes-birds-nilon.csv,1ozkicOn1NPNcpe-s_-6WK8YtgqqmmTQV,2005,2009,5,4,count,1.6,WS43,1,0.13842945050029543,0.13842945050029543,0.18524930747922444,0.18524930747922444,NA
L3-bes-birds-nilon.csv,1ozkicOn1NPNcpe-s_-6WK8YtgqqmmTQV,2005,2009,5,4,count,2.2,WS44,1,0.07627684364576523,0.07627684364576523,0.07443289224952741,0.07443289224952741,NA
L3-bes-birds-nilon.csv,1ozkicOn1NPNcpe-s_-6WK8YtgqqmmTQV,2005,2009,5,4,count,3,WS46,1,0.10488336061784885,0.10488336061784885,0.22004757785467124,0.22004757785467124,NA
L3-bes-birds-nilon.csv,1ozkicOn1NPNcpe-s_-6WK8YtgqqmmTQV,2005,2009,5,4,count,2.4,WS49,1,0.04688222710236588,0.04688222710236588,0.0685255198487713,0.0685255198487713,NA
L3-bes-birds-nilon.csv,1ozkicOn1NPNcpe-s_-6WK8YtgqqmmTQV,2005,2009,5,4,count,2.8,WS53,1,0.12101256471659026,0.12101256471659026,0.02507716049382716,0.02507716049382716,NA
L3-bes-birds-nilon.csv,1ozkicOn1NPNcpe-s_-6WK8YtgqqmmTQV,2005,2009,5,4,count,2.8,WS55,1,0.018528273227988307,0.018528273227988307,0.07908163265306123,0.07908163265306123,NA
L3-bes-birds-nilon.csv,1ozkicOn1NPNcpe-s_-6WK8YtgqqmmTQV,2005,2009,5,4,count,2.4,WS57,1,0.02881500059520887,0.02881500059520887,0.08488321799307959,0.08488321799307959,NA
L3-bes-birds-nilon.csv,1ozkicOn1NPNcpe-s_-6WK8YtgqqmmTQV,2005,2009,5,4,count,2.6,WS59,1,0.1075571221570865,0.1075571221570865,0.09002770083102495,0.09002770083102495,NA
L3-bes-birds-nilon.csv,1ozkicOn1NPNcpe-s_-6WK8YtgqqmmTQV,2005,2009,5,4,count,2.6,WS63,1,0.0723074573796858,0.0723074573796858,0.06036931818181818,0.06036931818181818,NA
L3-bes-birds-nilon.csv,1ozkicOn1NPNcpe-s_-6WK8YtgqqmmTQV,2005,2009,5,4,count,2.2,WS64,1,0.09256254505681633,0.09256254505681633,0.10181331747919145,0.10181331747919145,NA
L3-bes-birds-nilon.csv,1ozkicOn1NPNcpe-s_-6WK8YtgqqmmTQV,2005,2009,5,4,count,2.6,WS7,1,0.06515494166922767,0.06515494166922767,0.02731529656607701,0.02731529656607701,NA
L3-bes-birds-nilon.csv,1ozkicOn1NPNcpe-s_-6WK8YtgqqmmTQV,2005,2009,5,4,count,1.2,WS70,1,0.21056624327025938,0.21056624327025938,0.07812499999999997,0.07812499999999997,NA
L3-bes-birds-nilon.csv,1ozkicOn1NPNcpe-s_-6WK8YtgqqmmTQV,2005,2009,5,4,count,3.4,WS73,1,0.03515269977215993,0.03515269977215993,0.08217993079584775,0.08217993079584775,NA
L3-bes-birds-nilon.csv,1ozkicOn1NPNcpe-s_-6WK8YtgqqmmTQV,2005,2009,5,4,count,1.2,WS76,1,0.15917517095361372,0.15917517095361372,0.13624567474048443,0.13624567474048443,NA
L3-bes-birds-nilon.csv,1ozkicOn1NPNcpe-s_-6WK8YtgqqmmTQV,2005,2009,5,4,count,4.4,WS79,1,0.10303326635151319,0.10303326635151319,0.010500365230094958,0.010500365230094958,NA
L3-bes-birds-nilon.csv,1ozkicOn1NPNcpe-s_-6WK8YtgqqmmTQV,2005,2009,5,4,count,2.2,WS80,1,0.1259939616343835,0.1259939616343835,0.11188271604938271,0.11188271604938271,NA
L3-bes-birds-nilon.csv,1ozkicOn1NPNcpe-s_-6WK8YtgqqmmTQV,2005,2009,5,4,count,2.4,WS82,1,0.16260925185802055,0.16260925185802055,0.08294753086419755,0.08294753086419755,NA
L3-bes-birds-nilon.csv,1ozkicOn1NPNcpe-s_-6WK8YtgqqmmTQV,2005,2009,5,4,count,2.2,WS83,1,0.17837561665741852,0.17837561665741852,0.12204142011834321,0.12204142011834321,NA
L3-bes-birds-nilon.csv,1ozkicOn1NPNcpe-s_-6WK8YtgqqmmTQV,2005,2009,5,4,count,2.2,WS84,1,0.08945986611791018,0.08945986611791018,0.07489669421487605,0.07489669421487605,NA
L3-sgs-plants-catano.csv,1osf8W0yTs4gYjGBvbgnz92p2vZ5G08lm,1999,2006,8,7,PCT_COVER,18,13NW,1,0.053715906032885306,0.053715906032885306,0.038648888826405915,0.038648888826405915,NA
L3-sgs-plants-catano.csv,1osf8W0yTs4gYjGBvbgnz92p2vZ5G08lm,1999,2006,8,7,PCT_COVER,20.5,13SW,1,0.04947186880452042,0.04947186880452042,0.03510455297384087,0.03510455297384087,NA
L3-sgs-plants-catano.csv,1osf8W0yTs4gYjGBvbgnz92p2vZ5G08lm,1999,2006,8,7,PCT_COVER,16.625,24NE,1,0.050086571728075055,0.050086571728075055,0.0402792379867475,0.0402792379867475,NA
L3-sgs-plants-catano.csv,1osf8W0yTs4gYjGBvbgnz92p2vZ5G08lm,1999,2006,8,7,PCT_COVER,15,25NE,1,0.03701058649870911,0.03701058649870911,0.019350125546882736,0.019350125546882736,NA
L3-sgs-plants-catano.csv,1osf8W0yTs4gYjGBvbgnz92p2vZ5G08lm,1999,2006,8,7,PCT_COVER,18.5,26NW,1,0.043830209432009555,0.043830209432009555,0.022798754329181214,0.022798754329181214,NA
L3-sgs-plants-catano.csv,1osf8W0yTs4gYjGBvbgnz92p2vZ5G08lm,1999,2006,8,7,PCT_COVER,17.375,27NE,1,0.04013569051570491,0.04013569051570491,0.031285247793635874,0.031285247793635874,NA
L3-knz-grasshopper-compagnoni.csv,1FliDv4JFu732-2VLlfR4f3FIZPGcZrI5,1996,2015,19,19,COUNT (average),9.210526315789474,001d_a_fl,1,0.014042607377177557,0.014042607377177557,0.048060949126480505,0.048060949126480505,NA
L3-knz-grasshopper-compagnoni.csv,1FliDv4JFu732-2VLlfR4f3FIZPGcZrI5,1996,2015,19,19,COUNT (average),7.894736842105263,001d_b_fl,1,0.009541599377520879,0.009541599377520879,0.021924299284366115,0.021924299284366115,NA
L3-knz-grasshopper-compagnoni.csv,1FliDv4JFu732-2VLlfR4f3FIZPGcZrI5,1996,2015,19,19,COUNT (average),8.842105263157896,002c_a_fl,1,0.01028804587544021,0.01028804587544021,0.040489286448293964,0.040489286448293964,NA
L3-knz-grasshopper-compagnoni.csv,1FliDv4JFu732-2VLlfR4f3FIZPGcZrI5,1996,2015,19,19,COUNT (average),9.736842105263158,002c_b_fl,1,0.01222893150175379,0.01222893150175379,0.038406429638192775,0.038406429638192775,NA
L3-knz-grasshopper-compagnoni.csv,1FliDv4JFu732-2VLlfR4f3FIZPGcZrI5,1996,2015,19,19,COUNT (average),8.526315789473685,002d_a_fl,1,0.012336577902391756,0.012336577902391756,0.026461448656580365,0.026461448656580365,NA
L3-knz-grasshopper-compagnoni.csv,1FliDv4JFu732-2VLlfR4f3FIZPGcZrI5,1996,2015,19,19,COUNT (average),9.68421052631579,002d_b_fl,1,0.012894980937875658,0.012894980937875658,0.028109244655243826,0.028109244655243826,NA
L3-knz-grasshopper-compagnoni.csv,1FliDv4JFu732-2VLlfR4f3FIZPGcZrI5,1996,2015,19,19,COUNT (average),9.052631578947368,004b_a_fl,1,0.015696657964133373,0.015696657964133373,0.07044268786211313,0.07044268786211313,NA
L3-knz-grasshopper-compagnoni.csv,1FliDv4JFu732-2VLlfR4f3FIZPGcZrI5,1996,2015,19,19,COUNT (average),9.842105263157896,004b_b_fl,1,0.014190797608184903,0.014190797608184903,0.034572917201187166,0.034572917201187166,NA
L3-knz-grasshopper-compagnoni.csv,1FliDv4JFu732-2VLlfR4f3FIZPGcZrI5,1996,2015,19,19,COUNT (average),9.947368421052632,004f_a_fl,1,0.013388848804868335,0.013388848804868335,0.043406967968588776,0.043406967968588776,NA
L3-knz-grasshopper-compagnoni.csv,1FliDv4JFu732-2VLlfR4f3FIZPGcZrI5,1996,2015,19,19,COUNT (average),10.31578947368421,004f_b_fl,1,0.015360421587155452,0.015360421587155452,0.02492806623508169,0.02492806623508169,NA
L3-knz-grasshopper-compagnoni.csv,1FliDv4JFu732-2VLlfR4f3FIZPGcZrI5,1996,2015,19,19,COUNT (average),9.68421052631579,0spb_a_fl,1,0.010234394791063656,0.010234394791063656,0.01830771631809714,0.01830771631809714,NA
L3-knz-grasshopper-compagnoni.csv,1FliDv4JFu732-2VLlfR4f3FIZPGcZrI5,1996,2015,19,19,COUNT (average),9.68421052631579,0spb_b_fl,1,0.010264999125651982,0.010264999125651982,0.02536268223964245,0.02536268223964245,NA
L3-knz-grasshopper-compagnoni.csv,1FliDv4JFu732-2VLlfR4f3FIZPGcZrI5,1996,2015,19,19,COUNT (average),11.842105263157896,0sub_b_fl,1,0.016797890992754475,0.016797890992754475,0.04104771235537128,0.04104771235537128,NA
L3-fce-fish-rehageWet.csv,19aoF1lPfeqh3kLFZkgTMqXp_DU025vJu,2011,2016,6,5,CPUE = (COUNT / DISTANCE (M))*100,9.5,1_TB,1,0.05264146252337444,0.05264146252337444,0.02227477845670275,0.02227477845670275,NA
L3-fce-fish-rehageWet.csv,19aoF1lPfeqh3kLFZkgTMqXp_DU025vJu,2011,2016,6,5,CPUE = (COUNT / DISTANCE (M))*100,6.5,10_RB,1,0.0876000167206085,0.0876000167206085,0.18517211874857922,0.18517211874857922,NA
L3-fce-fish-rehageWet.csv,19aoF1lPfeqh3kLFZkgTMqXp_DU025vJu,2011,2016,6,5,CPUE = (COUNT / DISTANCE (M))*100,6.833333333333333,11_RB,1,0.06849145258465765,0.06849145258465765,0.02392147136035875,0.02392147136035875,NA
L3-fce-fish-rehageWet.csv,19aoF1lPfeqh3kLFZkgTMqXp_DU025vJu,2011,2016,6,5,CPUE = (COUNT / DISTANCE (M))*100,8,12_RB,1,0.0920003701214756,0.0920003701214756,0.027668718530261704,0.027668718530261704,NA
L3-fce-fish-rehageWet.csv,19aoF1lPfeqh3kLFZkgTMqXp_DU025vJu,2011,2016,6,5,CPUE = (COUNT / DISTANCE (M))*100,8.5,13_RB,1,0.10141918076773151,0.10141918076773151,0.028519865087852148,0.028519865087852148,NA
L3-fce-fish-rehageWet.csv,19aoF1lPfeqh3kLFZkgTMqXp_DU025vJu,2011,2016,6,5,CPUE = (COUNT / DISTANCE (M))*100,7.833333333333333,14_RB,1,0.11266757635600197,0.11266757635600197,0.0367248883045925,0.0367248883045925,NA
L3-fce-fish-rehageWet.csv,19aoF1lPfeqh3kLFZkgTMqXp_DU025vJu,2011,2016,6,5,CPUE = (COUNT / DISTANCE (M))*100,5.166666666666667,15_RB,1,0.09761372288560952,0.09761372288560952,0.0806210216950678,0.0806210216950678,NA
L3-fce-fish-rehageWet.csv,19aoF1lPfeqh3kLFZkgTMqXp_DU025vJu,2011,2016,6,5,CPUE = (COUNT / DISTANCE (M))*100,8,16_RB,1,0.07873942344266524,0.07873942344266524,0.023456527598556473,0.023456527598556473,NA
L3-fce-fish-rehageWet.csv,19aoF1lPfeqh3kLFZkgTMqXp_DU025vJu,2011,2016,6,5,CPUE = (COUNT / DISTANCE (M))*100,9.833333333333334,2_TB,1,0.05631392919299225,0.05631392919299225,0.056536800140752394,0.056536800140752394,NA
L3-fce-fish-rehageWet.csv,19aoF1lPfeqh3kLFZkgTMqXp_DU025vJu,2011,2016,6,5,CPUE = (COUNT / DISTANCE (M))*100,10.166666666666666,3_TB,1,0.0808376209945248,0.0808376209945248,0.1806917942209879,0.1806917942209879,NA
L3-fce-fish-rehageWet.csv,19aoF1lPfeqh3kLFZkgTMqXp_DU025vJu,2011,2016,6,5,CPUE = (COUNT / DISTANCE (M))*100,7.666666666666667,4_TB,1,0.0925170898457491,0.0925170898457491,0.026727045938223455,0.026727045938223455,NA
L3-fce-fish-rehageWet.csv,19aoF1lPfeqh3kLFZkgTMqXp_DU025vJu,2011,2016,6,5,CPUE = (COUNT / DISTANCE (M))*100,5.666666666666667,7_RB,1,0.0757346972265713,0.0757346972265713,0.06867440972928082,0.06867440972928082,NA
L3-fce-fish-rehageWet.csv,19aoF1lPfeqh3kLFZkgTMqXp_DU025vJu,2011,2016,6,5,CPUE = (COUNT / DISTANCE (M))*100,7.5,8_RB,1,0.09089132123184844,0.09089132123184844,0.05495084281596278,0.05495084281596278,NA
L3-fce-fish-rehageWet.csv,19aoF1lPfeqh3kLFZkgTMqXp_DU025vJu,2011,2016,6,5,CPUE = (COUNT / DISTANCE (M))*100,6,9_RB,1,0.07393882575705635,0.07393882575705635,0.07666319472126124,0.07666319472126124,NA
L3-fce-fish-rehageDry.csv,19_8JhIAxcaBw69OShxlkDfF3i0Ml97GJ,2006,2017,11,11,CPUE = (COUNT / DISTANCE (M))*100,13.181818181818182,10_RB,1,0.020100738295505908,0.020100738295505908,0.0288257746090932,0.0288257746090932,NA
L3-fce-fish-rehageDry.csv,19_8JhIAxcaBw69OShxlkDfF3i0Ml97GJ,2006,2017,11,11,CPUE = (COUNT / DISTANCE (M))*100,13.909090909090908,11_RB,1,0.02808248878700408,0.02808248878700408,0.05152584289691418,0.05152584289691418,NA
L3-fce-fish-rehageDry.csv,19_8JhIAxcaBw69OShxlkDfF3i0Ml97GJ,2006,2017,11,11,CPUE = (COUNT / DISTANCE (M))*100,8.363636363636363,12_RB,1,0.038060926007131936,0.038060926007131936,0.03887148353377569,0.03887148353377569,NA
L3-fce-fish-rehageDry.csv,19_8JhIAxcaBw69OShxlkDfF3i0Ml97GJ,2006,2017,11,11,CPUE = (COUNT / DISTANCE (M))*100,12.636363636363637,13_RB,1,0.039514371657736455,0.039514371657736455,0.028126724908841504,0.028126724908841504,NA
L3-fce-fish-rehageDry.csv,19_8JhIAxcaBw69OShxlkDfF3i0Ml97GJ,2006,2017,11,11,CPUE = (COUNT / DISTANCE (M))*100,7.909090909090909,14_RB,1,0.04740765527263691,0.04740765527263691,0.05065491976833702,0.05065491976833702,NA
L3-fce-fish-rehageDry.csv,19_8JhIAxcaBw69OShxlkDfF3i0Ml97GJ,2006,2017,11,11,CPUE = (COUNT / DISTANCE (M))*100,2.090909090909091,15_RB,NaN,NaN,NaN,NA,NA,NA
L3-fce-fish-rehageDry.csv,19_8JhIAxcaBw69OShxlkDfF3i0Ml97GJ,2006,2017,11,11,CPUE = (COUNT / DISTANCE (M))*100,6.818181818181818,16_RB,1,0.05244617185862846,0.05244617185862846,0.02215470895735465,0.02215470895735465,NA
L3-fce-fish-rehageDry.csv,19_8JhIAxcaBw69OShxlkDfF3i0Ml97GJ,2006,2017,11,11,CPUE = (COUNT / DISTANCE (M))*100,4.2727272727272725,7_RB,1,0.03224932375546245,0.03224932375546245,0.0382670586225544,0.0382670586225544,NA
L3-fce-fish-rehageDry.csv,19_8JhIAxcaBw69OShxlkDfF3i0Ml97GJ,2006,2017,11,11,CPUE = (COUNT / DISTANCE (M))*100,12.272727272727273,8_RB,1,0.03676480781791864,0.03676480781791864,0.11922316139748491,0.11922316139748491,NA
L3-fce-fish-rehageDry.csv,19_8JhIAxcaBw69OShxlkDfF3i0Ml97GJ,2006,2017,11,11,CPUE = (COUNT / DISTANCE (M))*100,13,9_RB,1,0.02656017442284768,0.02656017442284768,0.033144570288782434,0.033144570288782434,NA
L3-and-birds-wisnoski.csv,13yR9S2y3VS0uevQ0VRvNziy-hbkI8E0n,NA,NA,NA,NA,NA,NA,NA,NA,NA,NA,NA,NA,"WARNING: missing column names: OBSERVATION_TYPE, SITE_ID, DATE, VARIABLE_NAME, VARIABLE_UNITS, VALUE for L3-and-birds-wisnoski.csv | WARNING: data not formatted correctly for L3-and-birds-wisnoski.csv"
L3-cap-herps-banville.csv,19Gu7nuSiUmIKUyP2qz0x9MBKMmOJxbFV,2013,2017,5,4,count,3.4,Ave35,1,0.030314909924671743,0.030314909924671743,0.03877076665142509,0.03877076665142509,NA
L3-cap-herps-banville.csv,19Gu7nuSiUmIKUyP2qz0x9MBKMmOJxbFV,2013,2017,5,4,count,3.2,Ave67,1,0.030069618837003768,0.030069618837003768,0.017659279778393346,0.017659279778393346,NA
L3-cap-herps-banville.csv,19Gu7nuSiUmIKUyP2qz0x9MBKMmOJxbFV,2013,2017,5,4,count,4.8,BM,1,0.01986620834536886,0.01986620834536886,0.021737457679285935,0.021737457679285935,NA
L3-cap-herps-banville.csv,19Gu7nuSiUmIKUyP2qz0x9MBKMmOJxbFV,2013,2017,5,4,count,2.2,Price,1,0.01350205819677738,0.01350205819677738,0.029363854595336074,0.029363854595336074,NA
L3-cap-herps-banville.csv,19Gu7nuSiUmIKUyP2qz0x9MBKMmOJxbFV,2013,2017,5,4,count,1.6,Priest,1,0.02206142234719695,0.02206142234719695,0.04674515235457065,0.04674515235457065,NA
L3-cap-herps-banville.csv,19Gu7nuSiUmIKUyP2qz0x9MBKMmOJxbFV,2013,2017,5,4,count,4.2,Rio,1,0.013690409132293808,0.013690409132293808,0.07151238842720838,0.07151238842720838,NA
L3-cap-herps-banville.csv,19Gu7nuSiUmIKUyP2qz0x9MBKMmOJxbFV,2013,2017,5,4,count,5.8,Tonto,1,0.03669978271727593,0.03669978271727593,0.04543533389687236,0.04543533389687236,NA
L3-mcr-fish-castorani.csv,0BxUZSA1Gn1HZV3BuelZVN1NRUnc,2006,2015,10,9,mean.biomass.per.250_m2,145.6,transectlocation1,1,0.05438538418234638,0.05438538418234638,0.10227175923550931,0.10227175923550931,NA
L3-mcr-fish-castorani.csv,0BxUZSA1Gn1HZV3BuelZVN1NRUnc,2006,2015,10,9,mean.biomass.per.250_m2,142.5,transectlocation2,1,0.030625050186533862,0.030625050186533862,0.009356214232689352,0.009356214232689352,NA
L3-mcr-fish-castorani.csv,0BxUZSA1Gn1HZV3BuelZVN1NRUnc,2006,2015,10,9,mean.biomass.per.250_m2,142.2,transectlocation3,1,0.0466699423157233,0.0466699423157233,0.03620636237812836,0.03620636237812836,NA
L3-mcr-fish-castorani.csv,0BxUZSA1Gn1HZV3BuelZVN1NRUnc,2006,2015,10,9,mean.biomass.per.250_m2,138.7,transectlocation4,1,0.04781595472562619,0.04781595472562619,0.013869353506557481,0.013869353506557481,NA
L3-mcr-fish-castorani.csv,0BxUZSA1Gn1HZV3BuelZVN1NRUnc,2006,2015,10,9,mean.biomass.per.250_m2,139.1,transectlocation5,1,0.051021996864730544,0.051021996864730544,0.04356924899750036,0.04356924899750036,NA
L3-mcr-fish-castorani.csv,0BxUZSA1Gn1HZV3BuelZVN1NRUnc,2006,2015,10,9,mean.biomass.per.250_m2,142.2,transectlocation6,1,0.03468985164879169,0.03468985164879169,0.01581472510825099,0.01581472510825099,NA
L3-mcr-inverts-castorani.csv,0BxUZSA1Gn1HZTnYzZVdwM3hyN2M,2005,2015,11,10,mean.count.per.1_m2,5.636363636363637,location1,1,0.0144156992678837,0.0144156992678837,0.046708256486330924,0.046708256486330924,NA
L3-mcr-inverts-castorani.csv,0BxUZSA1Gn1HZTnYzZVdwM3hyN2M,2005,2015,11,10,mean.count.per.1_m2,4.7272727272727275,location2,1,0.003132299060091998,0.003132299060091998,0.03272771270875941,0.03272771270875941,NA
L3-mcr-inverts-castorani.csv,0BxUZSA1Gn1HZTnYzZVdwM3hyN2M,2005,2015,11,10,mean.count.per.1_m2,5,location3,1,0.003872749132392788,0.003872749132392788,0.021169044720809656,0.021169044720809656,NA
L3-mcr-inverts-castorani.csv,0BxUZSA1Gn1HZTnYzZVdwM3hyN2M,2005,2015,11,10,mean.count.per.1_m2,4.818181818181818,location4,1,0.016155294124892174,0.016155294124892174,0.06765096532653646,0.06765096532653646,NA
L3-mcr-inverts-castorani.csv,0BxUZSA1Gn1HZTnYzZVdwM3hyN2M,2005,2015,11,10,mean.count.per.1_m2,4.363636363636363,location5,1,0.00661164151475945,0.00661164151475945,0.052423177596902015,0.052423177596902015,NA
L3-mcr-inverts-castorani.csv,0BxUZSA1Gn1HZTnYzZVdwM3hyN2M,2005,2015,11,10,mean.count.per.1_m2,4.2727272727272725,location6,1,0.01207669171958957,0.01207669171958957,0.04564552267196871,0.04564552267196871,NA
L3-mcr-algae-castorani.csv,0BxUZSA1Gn1HZenhxaVJ6bWtVdDg,2006,2015,10,9,mean.percent.cover.per.0.25_m2,15.2,location1,1,0.006929329663716023,0.006929329663716023,0.0029425828521339645,0.0029425828521339645,NA
L3-mcr-algae-castorani.csv,0BxUZSA1Gn1HZenhxaVJ6bWtVdDg,2006,2015,10,9,mean.percent.cover.per.0.25_m2,16.2,location2,1,0.009563817495203665,0.009563817495203665,0.001148641722632318,0.001148641722632318,NA
L3-mcr-algae-castorani.csv,0BxUZSA1Gn1HZenhxaVJ6bWtVdDg,2006,2015,10,9,mean.percent.cover.per.0.25_m2,14.9,location3,1,0.012186167434340704,0.012186167434340704,0.0016815118824723646,0.0016815118824723646,NA
L3-mcr-algae-castorani.csv,0BxUZSA1Gn1HZenhxaVJ6bWtVdDg,2006,2015,10,9,mean.percent.cover.per.0.25_m2,15.1,location4,1,0.006862340688916561,0.006862340688916561,0.0013546212199200115,0.0013546212199200115,NA
L3-mcr-algae-castorani.csv,0BxUZSA1Gn1HZenhxaVJ6bWtVdDg,2006,2015,10,9,mean.percent.cover.per.0.25_m2,16.8,location5,1,0.009588753343320211,0.009588753343320211,8.542481916085315e-4,8.542481916085315e-4,NA
L3-mcr-algae-castorani.csv,0BxUZSA1Gn1HZenhxaVJ6bWtVdDg,2006,2015,10,9,mean.percent.cover.per.0.25_m2,20.4,location6,1,0.010839127576091312,0.010839127576091312,0.0010812748753568553,0.0010812748753568553,NA
L3-mcr-coral-castorani.csv,0BxUZSA1Gn1HZZGR2VjdMbmU3Mm8,2005,2015,11,10,mean.percent.cover.per.0.25_m2,14.454545454545455,location1,1,0.045574635739939966,0.045574635739939966,0.05171464078760688,0.05171464078760688,NA
L3-mcr-coral-castorani.csv,0BxUZSA1Gn1HZZGR2VjdMbmU3Mm8,2005,2015,11,10,mean.percent.cover.per.0.25_m2,15.272727272727273,location2,1,0.04718236919154176,0.04718236919154176,0.053818001855700015,0.053818001855700015,NA
L3-mcr-coral-castorani.csv,0BxUZSA1Gn1HZZGR2VjdMbmU3Mm8,2005,2015,11,10,mean.percent.cover.per.0.25_m2,15.181818181818182,location3,1,0.02226540598657037,0.02226540598657037,0.12813172328710432,0.12813172328710432,NA
L3-mcr-coral-castorani.csv,0BxUZSA1Gn1HZZGR2VjdMbmU3Mm8,2005,2015,11,10,mean.percent.cover.per.0.25_m2,16.454545454545453,location4,1,0.011595029377612424,0.011595029377612424,0.04429882357206695,0.04429882357206695,NA
L3-mcr-coral-castorani.csv,0BxUZSA1Gn1HZZGR2VjdMbmU3Mm8,2005,2015,11,10,mean.percent.cover.per.0.25_m2,16.363636363636363,location5,1,0.036579284988304546,0.036579284988304546,0.018046442210860075,0.018046442210860075,NA
L3-mcr-coral-castorani.csv,0BxUZSA1Gn1HZZGR2VjdMbmU3Mm8,2005,2015,11,10,mean.percent.cover.per.0.25_m2,16.727272727272727,location6,1,0.01055519227153125,0.01055519227153125,0.02832888503919016,0.02832888503919016,NA
L3-ntl-zooplankton-stanleyLottig.csv,0B2P104M94skvcUl6eGhhSDhtaDA,1982,2015,34,33,max annual density; number per liter,42.26470588235294,AL,1,0.006995759965849936,0.006995759965849936,0.006021761796052158,0.006021761796052158,NA
L3-ntl-zooplankton-stanleyLottig.csv,0B2P104M94skvcUl6eGhhSDhtaDA,1982,2015,34,33,max annual density; number per liter,40.5,BM,1,0.006799518263035402,0.006799518263035402,0.005756679915212831,0.005756679915212831,NA
L3-ntl-zooplankton-stanleyLottig.csv,0B2P104M94skvcUl6eGhhSDhtaDA,1982,2015,34,33,max annual density; number per liter,31.5,CB,1,0.01058230511705579,0.01058230511705579,0.01333850873395625,0.01333850873395625,NA
L3-ntl-zooplankton-stanleyLottig.csv,0B2P104M94skvcUl6eGhhSDhtaDA,1982,2015,34,33,max annual density; number per liter,32.94117647058823,CR,1,0.007713731324793675,0.007713731324793675,0.0028833213794737405,0.0028833213794737405,NA
L3-ntl-zooplankton-stanleyLottig.csv,0B2P104M94skvcUl6eGhhSDhtaDA,1982,2015,34,33,max annual density; number per liter,36.5,SP,1,0.006918612141969616,0.006918612141969616,0.006913680715702009,0.006913680715702009,NA
L3-ntl-zooplankton-stanleyLottig.csv,0B2P104M94skvcUl6eGhhSDhtaDA,1982,2015,34,33,max annual density; number per liter,23.058823529411764,TB,1,0.013182639644365501,0.013182639644365501,0.06031280537598375,0.06031280537598375,NA
L3-ntl-zooplankton-stanleyLottig.csv,0B2P104M94skvcUl6eGhhSDhtaDA,1982,2015,34,33,max annual density; number per liter,45.23529411764706,TR,1,0.005915513291118485,0.005915513291118485,0.0046628320241452964,0.0046628320241452964,NA
L3-usvi-coral-castorani.csv,0BxUZSA1Gn1HZZGowdUVCTTdtXzg,1992,2015,24,23,percent.cover,11.958333333333334,Cabritte,1,0.012787181242231205,0.012787181242231205,0.002776354310368323,0.002776354310368323,NA
L3-usvi-coral-castorani.csv,0BxUZSA1Gn1HZZGowdUVCTTdtXzg,1992,2015,24,23,percent.cover,12.291666666666666,East Tektite,1,0.013617917770043675,0.013617917770043675,0.001671902135779234,0.001671902135779234,NA
L3-usvi-coral-castorani.csv,0BxUZSA1Gn1HZZGowdUVCTTdtXzg,1992,2015,24,23,percent.cover,7.708333333333333,Europa Bay,1,0.008134158211577282,0.008134158211577282,0.007029089144714506,0.007029089144714506,NA
L3-usvi-coral-castorani.csv,0BxUZSA1Gn1HZZGowdUVCTTdtXzg,1992,2015,24,23,percent.cover,8.458333333333334,Little Lameshur Bay,1,0.016881276078848623,0.016881276078848623,0.009233605919726467,0.009233605919726467,NA
L3-usvi-coral-castorani.csv,0BxUZSA1Gn1HZZGowdUVCTTdtXzg,1992,2015,24,23,percent.cover,7.458333333333333,Neptunes Table,1,0.01853998670052621,0.01853998670052621,0.007541552787490386,0.007541552787490386,NA
L3-usvi-coral-castorani.csv,0BxUZSA1Gn1HZZGowdUVCTTdtXzg,1992,2015,24,23,percent.cover,11.333333333333334,White Point,1,0.01177961500821342,0.01177961500821342,0.002182563374968723,0.002182563374968723,NA
