SITE_ID,DATE,AMZO,AU,BF,BO,BR,BRA,CAL,CC,CF,CG,CO,COF,CP,CRYP,CYOS,CZ,DL,DP,DU,EA,EC,EGME,ER,FASP,FB,FG,FR,FTHR,GR,GS,GYSP,HAGL,IR,LAFA,LI,LS,LX,NANDERSON,NEO,PHSE,PHTO,PL,POLA,PRSP,PTCA,R,RAT,SAFU,SAHO,SAMU,SCCA,STIN,TALE,UV
ABUR_1,2004,0,0,0,0,0,0,0,0,0,0,0,0,0,0,2.1175,0,0,0,0,0,0.4125,0,0,0,0,0,0,0,11.25,16.875,0,0,0,0.28,0,0,0,0,0,0,0,0,0,0,129.40025,6.1,0,0,0,0,0,0,0,0
ABUR_1,2005,0,0,0,0,12.4,0,0,2.1125,0,0,2.6625,0,0,0,0.847,0,120.7125,0,0,0,0,1.59925,0,0,0,0,0,0,0,39.375,0,0,0,0,0,0,0,0,0,0,0,0,0,0,186.486,3.05,0.8375,0,0,0,0,0,14.85,0
ABUR_1,2006,0,0,4.85,0,0,0,0,2.1125,0,0,0,0,0,0,0.63525,2.1125,13.05,0,0,0,0,0,0,0,0,0,0,0,0,8.4375,0,0,0,0,0,0,0,0,0,0,0,0,0,0,55.255875,1.525,0,0,0,0,0,0,0,0
ABUR_1,2007,0,0,0,0,0,0,0,10.5625,1.75,0,0,0,0,0,0.21175,0,94.6125,0,0,0,1.65,4.79775,0.4125,0,0,0,0,0,2.8125,33.75,0,0,0,0,0,0,0,0,0,0,0,0,0,0,287.381125,13.725,0,0.875,0,0,0,0,2.7,0
ABUR_1,2008,0,0,0,0,0,0,0,2.1125,0,0,0,0,0,0,0.0216666666666667,0,78.3,0,0,0,0.4125,9.5955,0,0,0,0,0,0,0,0,0,0,0,0,0,0,0,0,0,0,0,0,0,0,234.126666666667,3.05,0,0,0,0,0,0,0,0
ABUR_1,2009,0,0,0,0,0,0,0,0,0,0,0,0,0,0,0,0,26.1,0,0,0,0,4.79775,0,0,0,0,0,0,0,16.875,0,0,0,0,0,0,0,0,0,0,0,0,0,0,99.714625,0,0,0,0,0,0,0,0,0
ABUR_1,2010,0,0,14.55,0,1.55,0,0,8.45,0,0,0,0,0,0,0,2.1125,65.25,0,0,0,0,1.59925,0,0,0,0,1,0.875,0,28.125,0,0,0,0,0,0,0,0,0,0,0,2.1125,0,0,61.5673333333333,1.525,0,0,0,0,0,10.675,2.7,0
ABUR_1,2011,0,0,0,0,4.65,0,0,0,0,0,0,0,0,0,4.6375,0,3.2625,0,0,0,0.4125,0.769541666666667,0,0,0,0,1,0.875,0,16.875,0,0,0,0,0,0,0,0,0,0,0,0,0,0,606.527916666667,3.05,0,0,0,0,0,3.05,1.35,0
ABUR_1,2012,0,0,0,0,0,0,0,0,0.875,0,0,0,0,4.85,4.975,0,0,0,0,0,1.2375,19.112625,0,0,0,0,0,0,0,8.4375,0,0,0,0,0,0,0,0,0,0,0,0,0,0,249.536666666667,0,0,0,0,0,0,0,0,0
ABUR_1,2013,0,0,0,0,0,0,0,2.1125,0.875,0,0,0,0,0,0,0,0,0,0,0,0,20.52838,0,0,0,0,0,0,0,0,0,0,0,0,0,0,0,0,0,0,0,0,0,0,172.0306,0,0,0,0,0,0,0,0,0
ABUR_1,2014,0,0,0,0,0,0,0,6.3375,0.875,0,0,0,0,0,4.51375,6.3375,238.1625,0,0,0,0.825,0,0,0,0,0,2,1.75,0,5.625,0,0,0,0,0,0,0,0,0,1.525,0,0,0,0,42.2895,7.625,0,0,0,0,0,0,4.05,0
ABUR_1,2015,0,0,0,2.525,1.55,0,0,23.2375,0,0,0,0,0,0,11.525,0,234.9,0,0,0,5.775,15.57325,0,0,0.4125,0,0,0.875,0,22.5,0,0,0,0,0,0,0,0,0,0,0,0,0,0,8.260625,15.25,0,0,0,0,0,0,0,0
ABUR_1,2016,0,0,0,0,0,0,0,40.1375,0,0,0,0,0,0,17.8,0,228.375,4.05,0,0,4.5375,2.8315,0,0,0,0,1,0,0,87.1875,0,0,0,0,0,0,0,0,0,0,0,0,0,2.1125,0,1.525,0,8.75,0,0,0,0,0,1.35
ABUR_1,2017,0,0,0,0,0,0,0,2.1125,0,0,0,0,0,0,28.325,0,9.7875,0,0,0,0,0,0,0,0,0,0,0,0,14.0625,0,0,0,0,0,0,0,0,0,0,0,0,0,0,0,0,0,0,0,0,0,0,0,0
ABUR_2,2004,0,0,0,0,0,0,0,0,0,0,0,0,0,0,0,0,0,0,0,0,0,1.59925,0,0,0,0,0,0,0,0,0,0,0,0,0,0,0,0,0,0,0,0,0,0,19.98875,0,0,0,0,0,0,0,2.7,0
ABUR_2,2005,0,0,4.85,0,12.4,10.675,0,2.1125,0,0,2.6625,0,0,0,0,0,81.5625,0,0,0,0,1.59925,0,0,0,0,0,0,5.625,78.75,0,0,12.675,0.186666666666667,0,0,0,0,2.8125,0,0,0,0,0,0.425,19.825,0,0,0,0,0,0,13.5,24.3
ABUR_2,2006,0,0,9.7,0,0,3.05,0,33.8,0,0,15.975,0,0,0,0.21175,0,42.4125,0,0,0,0.4125,6.397,0,0,0,0,2,0,0,78.75,0,0,0,0,5.325,0,17.15,0,2.8125,0,0,14.7875,0,0,0.720125,27.45,0.8375,4.375,0,0,0,3.05,0,8.1
ABUR_2,2007,0,0,0,5.05,0,3.05,0,4.225,0,0,10.65,0,0,0,0,0,9.7875,0,0,0,1.2375,4.79775,0,0,0,0,2,0,0,95.625,0,0,16.9,0,0,0,0,0,0,0,0,0,0,0,12.7025,56.425,0,0,0,0,0,0,1.35,10.8
ABUR_2,2008,0,0,9.7,2.525,0,4.575,0,0,0.875,0,5.325,0,0,0,0,29.575,35.8875,0,0,0,0,3.1985,0,0,0,0,0,0,0,126.5625,0,0,0,0,0,0,0,0,0,0,0,4.225,0,0,16.9115833333333,10.675,0,9.625,0,0,0,4.575,0,4.05
ABUR_2,2009,0,0,24.25,0,0,0,0,21.125,0,0,18.6375,0,0,0,0,0,9.7875,0,0,0,0.825,1.59925,0,0,0,0,1,4.375,0,92.8125,3.05,0,0,0,0,0,4.9,0,0,0,0,2.1125,0,0,26.040125,41.175,0,0,0,0,0,4.575,0,16.2
ABUR_2,2010,0,0,14.55,5.05,3.1,0,0,8.45,0,0,5.325,0,0,4.85,0,0,6.525,0,0,0,0.825,1.59925,0,0,0,0,1,7.875,0,98.4375,0,0,0,0,0,0,0,0,0,0,0,8.45,0,23.2375,27.310375,12.2,0,0,0,0,0,12.2,0,0
ABUR_2,2011,0,0,9.7,2.525,0,0,0,0,0,0,18.6375,0,0,9.7,5.0875,0,0,0,0,0,0.4125,4.24725,0,0,0,0,0,6.125,0,115.3125,0,0,8.45,0,0,0,0,0.875,0,0,0,8.45,0,0,27.81,1.525,0,0,0,0,0,51.85,0,1.35
ABUR_2,2012,0,0,0,0,1.55,0,0,25.35,0.875,0,13.3125,0,0,9.7,4.1875,0,9.7875,0,0,0,0,0,0,0,0,0,0,12.25,0,84.375,0,0,0,0,2.6625,0,0,0,0,0,0,10.5625,0,0,14.54875,3.05,0,7,0,0,0,21.35,0,8.1
ABUR_2,2013,0,0,0,0,1.55,0,0,2.1125,0,0,0,0,0,0,4.1875,16.9,0,0,0,0,0,29.02287,0,0,0,0,0,7,2.8125,53.4375,1.525,0,0,0,0,0,0,0,0,0,0,2.1125,0,0,30.77125,3.05,0.8375,0,0,0,0,15.25,0,2.7
ABUR_2,2014,0,0,14.55,0,0,0,0,0,0,0,2.6625,0,0,0,0,4.225,16.3125,0,0,0,0,0,0,0,0.4125,0,0,2.625,0,14.0625,0,0,0,0,0,0,2.45,0,0,0,0,0,0,0,3.605,3.05,0,0.875,0,0,0,1.525,0,16.2
ABUR_2,2015,0,0,4.85,5.05,0,0,0,12.675,1.75,0,0,0,0,0,0,0,16.3125,0,0,0,0,0,0,0,0,0,0,0,0,42.1875,0,0,0,0,0,2.45,0,1.75,0,0,0,4.225,0,0,0,1.525,0,5.25,0,0,0,0,1.35,8.1
ABUR_2,2016,0,1.75,0,5.05,0,0,0,42.25,0.875,0,7.9875,0,0,0,0,0,13.05,4.05,0,0,0,0,0,0,0,0,0,0.875,0,78.75,0,0,0,0,2.6625,0,0,0,0,0,0,0,0,0,0,0,1.675,14,0,0,0,22.875,0,24.3
ABUR_2,2017,0,3.5,0,2.525,0,0,0,0,0.875,0,5.325,0,0,4.85,0,12.675,13.05,0,0,0,0.4125,19.23596,0.4125,0,0.4125,0,0,2.625,22.5,33.75,0,0,0,0.2328333,0,0,2.45,4.375,0,0,0,6.3375,0,0,0,6.1,0.8375,7,0,0,0,10.675,14.85,6.75
AHND_1,2004,0,0,0,0,0,0,0,4.225,0,0,5.325,0,0,0,0,8.45,0,0,0,0,0,0,0,0,0,0,0,0,8.4375,14.0625,0,0,0,0,0,0,0,0,0,0,0,0,0,0,0,0,0,0,0,0,0,0,0,14.85
AHND_1,2005,0,0,0,0,0,0,0,0,3.5,0,0,0,0,0,1.05875,0,0,0,0,0,0,0,0,0,0,0,0,0,0,2.8125,0,0,0,0.9415,0,0,0,0,2.8125,0,0,0,0,0,0,0,0,0,0,0,0,0,0,0
AHND_1,2006,0,0,0,0,0,0,0,0,0,0,0,0,0,0,0,0,0,0,0,0,0,0,0,0,0,0,0,0,0,0,0,0,0,0,0,0,0,0,0,0,0,0,0,0,0,0,0,0,0,0,0,0,0,0
AHND_1,2007,0,0,0,0,0,0,0,0,0,0,0,0,0,0,0,0,0,0,0,0,0,0,0,0,0,0,0,0,0,0,0,0,0,0,0,0,0,0,0,0,0,0,0,0,0,0,0,0,0,0,0,0,0,0
AHND_1,2008,0,0,0,0,17.05,0,0,0,0,0,0,0,0,0,0,0,0,0,0,0,0,0,0,0,0,0,0,0,0,0,0,0,0,0,0,0,0,0,0,0,0,0,0,0,0,0,0,0,0,0,0,0,0,1.35
AHND_1,2009,0,0,0,0,0,0,0,0,0,0,0,0,0,0,0,0,0,0,0,0,0,0,0,0,0,0,0,0.875,0,0,0,0,0,0,0,0,0,0,0,0,0,0,4.05,0,0,0,0,0,0,0,0,0,0,6.75
AHND_1,2010,0,0,9.7,0,0,0,0,0,0,0,0,0,0,0,0,0,0,0,0,0,0,0,0,0,0,0,0,0.875,0,0,0,0,0,0,0,0,0,0,0,0,3.2625,0,0,0,0,0,0,0,0,0,0,0,0,1.35
AHND_1,2011,0,0,0,0,0,0,0,0,0,0,0,0,0,0,0,0,0,0,0,0,0,0,0,0,0,0,0,0.875,0,2.8125,0,0,0,0,0,0,0,0,0,0,0,0,0,0,0,0,0,0,0,0,0,0,0,0
AHND_1,2012,0,0,0,0,0,0,0,0,0,0,0,0,0,0,0,0,13.05,0,0,0,0,0,0,0,0,0,0,0.875,0,5.625,0,0,0,0,0,0,0,0,0,0,3.2625,0,0,0,0,0,0,0,0,0,0,0,0,1.35
AHND_1,2013,0,0,0,0,0,0,0,0,0,0,0,0,0,0,0,0,0,0,0,0,0,0,0,0,0,0,0,0,0,5.625,0,0,0,0,0,0,0,0,0,0,0,0,0,0,0,0,0,0,0,0,0,0,0,0
AHND_1,2014,0,0,0,0,0,0,0,0,0,0,0,0,0,0,0,0,9.7875,0,0,0,0,0,0,0,0,0,0,0,0,33.75,0,0,0,0,0,0,0,0,0,0,0,0,0,0,0,0,0,0,0,0,0,0,0,2.7
AHND_1,2015,0,0,0,0,0,0,0,0,0,0,0,0,0,0,0,0,0,0,0,0,0,0,0,0,0,0,0,0,0,0,0,0,0,0,0,0,0,0,0,0,0,0,0,0,0,0,0,0,0,0,0,0,0,0
AHND_1,2016,0,0,0,0,0,0,0,0,0,0,0,0,0,0,0,0,0,0,0,0,0,0,0,0,0,0,0,0,0,2.8125,0,0,0,0,0,0,0,0,0,0,0,0,0,0,0,0,0,0,0,0,0,0,0,0
AHND_1,2017,0,0,0,0,0,0,0,0,0,0,0,0,0,0,0,0,0,0,0,0,0,0,0,0,0,0,0,0,0,0,0,0,0,0,0,0,0,0,0,0,0,0,0,0,0,0,0,0,0,0,0,0,0,0
AHND_2,2004,0,0.875,0,0,1.55,0,0,6.3375,0,0,0,0,0,0,30.28025,0,0,0,0,0,0.4125,4.79775,0,0,0,0,0,0,0,0,0,0,0,0,0,0,0,0,0,0,0,0,0,0,20.959125,7.625,0,0,0,0,0,0,0,0
AHND_2,2005,0,0,0,0,10.85,1.525,0,2.1125,3.5,0,0,0,0,0,21.5985,2.1125,3.2625,0,0,0,0,0,0,0,0,0,0,0,0,0,0,0,0,0,0,0,0,0.875,0,0,0,0,0,0,11.222125,0,0.8375,0,0,0,0,0,0,0
AHND_2,2006,0,0,4.85,2.525,3.1,0,0,25.35,4.375,0,0,0,0,0,39.17375,0,0,0,0,0,0.4125,0,0,0,0,0,1,0,0,8.4375,0,0,0,0,0,0,0,0,0,0,0,0,0,0,25.74975,15.25,3.35,0,0,0,0,0,0,0
AHND_2,2007,0,0,0,0,0,0,0,2.1125,0,0,0,0,0,0,1.90575,0,0,0,0,0,0.4125,1.59925,0,0,0,0,0,0,0,0,0,0,0,0,0,0,0,0,0,0,0,0,0,0,19.05375,1.525,0,0,0,0,0,0,0,0
AHND_2,2008,0,0,14.55,0,4.65,0,0,23.2375,0,0,0,0,0,0,0.0433333333333333,0,215.325,0,0,0,2.475,0,0,0,0,0,2,0,0,8.4375,0,0,0,0,0,0,0,0,0,0,0,0,0,0,14.3990416666667,9.15,0,0,0,0,0,0,0,0
AHND_2,2009,0,0,9.7,0,3.1,0,0,10.5625,0.875,0,2.6625,0,0,0,0.541666666666667,0,3.2625,0,0,0,0,0,0,0,0,0,0,0,0,2.8125,3.05,0,0,0,0,0,0,0,0,0,0,0,4.05,0,46.3205416666667,10.675,1.675,0,0,0,0,0,2.7,1.35
AHND_2,2010,0,0.875,38.8,0,0,0,0,16.9,0,0,2.6625,0,0,9.7,0,0,45.675,0,0,0,0.4125,0,0.825,0,0,0,0,2.625,0,2.8125,0,0,0,0,0,0,0,3.5,0,0,0,0,0,0,21.6768333333333,16.775,13.4,0,0,0,0,0,0,0
AHND_2,2011,0,0,33.95,0,1.55,0,0,19.0125,1.75,0,2.6625,0,0,9.7,30.3616666666667,0,182.7,0,0,0,2.0625,0,0,0,0,0,0,4.375,0,2.8125,0,0,0,0,0,0,0,1.75,0,4.575,0,0,0,0,93.8220833333333,15.25,0.8375,0,0,0,0,0,0,4.05
AHND_2,2012,0,0,53.35,0,0,0,0,50.7,0,0,0,0,0,0,85.01167,0,19.575,0,0,0,3.3,3.601042,0,0,0,0,1,0,0,8.4375,0,0,0,0,0,0,0,0.875,0,0,0,0,0,0,72.01583,18.3,2.5125,0,0,0,5.625,0,0,0
AHND_2,2013,0,0,9.7,0,0,0,0,2.1125,0,0,0,0,0,0,16.75,0,0,0,0,0,0,0,0,0,0,0,0,0,0,0,0,0,0,0,0,0,0,0,0,0,0,0,0,0,14.57292,3.05,0,0,0,0,0,0,0,0
AHND_2,2014,0,0,9.7,0,0,0,0,23.2375,0,0,10.65,0,0,0,21.425,0,221.85,0,0,0,8.25,0,0,0,0,0,0,0,0,0,0,0,0,0,0,0,0,0,0,0,0,0,0,0,17.58167,10.675,0,0.875,0,0,2.8125,0,0,1.35
AHND_2,2015,0,0,4.85,0,0,0,0,12.675,0,0,0,0,0,0,71.49083,0,0,0,0,0,4.5375,2.8315,0,0,0,0,0,0,0,5.625,0,0,0,0,0,0,0,0,0,0,0,0,0,0,5.120833,9.15,0,0,0,0,0,0,0,0
AHND_2,2016,0,0,0,0,0,0,0,10.5625,0,0,2.6625,0,0,0,91.18125,0,0,0,0,0,0.4125,0,0,0,0,0,0,0,0,2.8125,0,0,0,0,0,0,0,0,0,0,0,0,0,0,0,6.1,0,0,0,2.795,0,0,0,0
AHND_2,2017,0,0,0,0,0,0,0,0,0,0,0,0,0,0,0,0,0,0,0,0,0,0,0,0,0,0,0,0,0,0,0,0,0,0,0,0,0,0,0,0,0,0,0,0,0,0,0,0,0,0,0,0,0,0
AQUE_1,2004,0,0,0,0,6.2,0,0,0,0,0,0,0,0,0,1.2705,0,159.8625,0,0,0,3.7125,0,0.4125,0,0,0,1,0,0,2.8125,0,0,0,0,0,0,0,0,2.8125,0,0,0,0,0,8.256625,6.1,2.5125,0,0,0,0,0,0,0
AQUE_1,2005,0,0,0,0,0,0,0,0,0,0,0,0,0,0,0.4235,0,0,4.05,0,0,0,0,0,0,0,0,0,0,0,0,0,0,0,0,0,0,0,0,0,0,0,0,0,0,4.445875,0,0,0,0,0,0,0,0,0
AQUE_1,2006,0,0,0,0,1.55,0,0,10.5625,0.875,0,0,0,0,0,0,0,159.8625,0,0,0,3.3,0,0.4125,0,0,0,1,0,0,8.4375,0,0,0,0,0,0,0,1.75,8.4375,0,0,2.1125,0,0,72.449125,7.625,1.675,0,0,0,0,0,0,0
AQUE_1,2007,0,0,0,0,0,0,0,0,0,0,0,0,0,0,0,0,0,0,0,0,1.2375,0,0,0,0,0,0,0,0,2.8125,0,0,0,0,0,0,0,0,0,0,0,0,0,0,67.83325,6.1,5.025,0,0,0,0,0,0,0
AQUE_1,2008,0,0,0,2.525,0,1.525,0,4.225,0.875,0,0,0,0,0,0.065,0,75.0375,0,0,0,2.475,0,0,0,0,0,3,0,0,0,0,0,0,0,0,0,0,0,0,0,0,0,8.1,0,73.9270833333333,12.2,0,0,0,0,0,0,0,0
AQUE_1,2009,0,0,0,0,10.85,0,0,12.675,0,0,10.65,0,0,0,0.281666666666667,0,6.525,0,0,0,0.825,0,0,0,0,0,1,1.75,0,25.3125,0,0,0,0,0,0,0,1.75,0,0,0,0,0,0,52.2129583333333,22.875,6.7,0,0,0,0,0,0,0
AQUE_1,2010,0,2.625,0,0,0,0,0,0,0,0,0,0,0,0,0.0433333333333333,0,3.2625,0,0,0,3.3,0,0,0,3.7125,0,0,0,0,0,0,0,0,0,0,0,0,0,0,0,0,0,4.05,0,22.229375,0,1.675,0,0,0,0,0,4.05,1.35
AQUE_1,2011,0,0,0,0,0,0,0,0,0,0,0,0,0,0,0,0,0,0,0,0,4.95,0,0,0,0.4125,0,0,0,0,0,0,0,0,0,0,4.9,0,0,0,0,0,0,28.35,0,0,0,0.8375,0,0,0,0,0,0,0
AQUE_1,2012,0,0,0,2.525,1.55,0,0,0,0,0,2.6625,0,0,0,21.3925,0,65.25,0,0,0,2.8875,0.707875,0,0,2.475,0,2,0,0,0,0,0,0,0,0,2.45,0,0,0,0,0,0,8.1,0,4.713542,0,2.5125,0,0,0,5.625,0,28.35,6.75
AQUE_1,2013,0,2.625,0,0,0,0,0,0,0,0,7.9875,0,0,0,0,0,0,0,0,0,7.0125,1.41575,0,0,2.475,0,0,0,0,0,0,0,0,0,0,0,0,0,0,0,0,0,0,0,3.945,0,0,0,0,0,0,0,0,0
AQUE_1,2014,0,0,0,0,0,0,0,0,0,0,0,0,0,0,0,0,0,0,0,0,5.3625,0,0,0,2.475,0,0,0,0,0,0,0,0,0,0,0,0,0,0,0,0,0,0,0,0,0,0,0,0,0,0,0,0,0
AQUE_1,2015,0,0,0,0,0,1.525,0,0,0,0,2.6625,0,8.1,0,0,0,123.975,0,0,0,16.0875,0,0,0,0.4125,0,0,0,0,0,0,0,0,0,0,0,0,0,0,0,0,0,0,0,0,1.525,0,0,0.4983333,0,0,0,6.75,0
AQUE_1,2016,0,6.125,0,0,0,0,0,0,0,0,0,0,0,0,0.2166667,0,0,0,0,0,9.075,0,0,0,0,0,0,0,0,0,0,0,0,0,0,0,0,0,0,0,0,0,0,0,0,0,0,0,0,0,0,0,0,0
AQUE_1,2017,0,1.75,0,2.525,0,0,0,0,0,0,2.6625,0,0,0,25.21875,0,0,2.7,0,0,1.2375,0.707875,0,0,0,0,0,0,0,0,0,0,0,1.32525,0,0,0,0,0,0,0,0,0,0,1.535,0,0,0,0,0,0,0,0,0
AQUE_2,2004,0,0,0,0,0,4.575,0,0,0,0,0,0,0,0,2.541,0,120.7125,0,0,0,2.0625,0,0,0,0,0,0,0,0,2.8125,0,0,0,0,0,0,0,0,0,0,0,0,0,0,14.14275,1.525,0,0,0,0,0,0,0,0
AQUE_2,2005,0,0,0,0,0,0,0,4.225,0,0,5.325,0,0,0,1.694,0,9.7875,2.7,0,0,0,0,0,0,0,0,0,0,0,0,0,0,0,0,0,0,0,0,0,0,0,0,0,0,10.502,4.575,0.8375,0,0,0,0,0,0,0
AQUE_2,2006,0,0,0,0,1.55,0,0,4.225,0,0,15.975,0,0,0,1.59058333333333,0,16.3125,0,0,0,2.0625,0.0616666666666667,0.4125,0,0,0,3,0,0,5.625,0,0,0,0,0,0,0,0,0,0,0,0,0,0,25.449875,15.25,0.8375,0,0,0,0,0,0,0
AQUE_2,2007,0,0,0,2.525,0,0,0,2.1125,0,0,0,0,0,0,0.21175,0,0,0,0,0,0.4125,0,0,0,0,0,0,0,0,0,0,0,0,0,0,0,0,0,0,0,0,0,0,0,38.742625,1.525,0,0,0,0,0,0,0,0
AQUE_2,2008,0,0,0,0,0,1.525,0,4.225,0,0,0,0,0,0,0.0433333333333333,0,130.5,0,0,0,2.475,0,0,0,0,0,3,0.875,0,2.8125,0,0,0,0,0,0,0,0.875,0,0,0,0,0,0,164.909083333333,13.725,0,0,0,0,0,0,0,0
AQUE_2,2009,0,0,0,0,7.75,0,0,2.1125,0,0,2.6625,0,0,0,0,0,0,0,0,0,0.825,0,0,0,0.4125,0,0,0.875,0,0,0,0,0,0,0,0,0,0,0,0,0,0,0,0,48.5975833333333,12.2,1.675,0,0,0,0,0,0,0
AQUE_2,2010,0,1.75,0,0,3.1,0,0,0,0,0,0,0,0,0,0,0,146.8125,0,0,0,2.0625,0,0,0,0,0,0,0,0,0,0,0,0,0.0933333333333333,0,0,0,0,0,0,0,0,4.05,0,4.69370833333333,1.525,4.1875,0,0,0,2.8125,0,21.6,9.45
AQUE_2,2011,0,0,0,5.05,1.55,0,0,4.225,0,0,2.6625,0,0,0,4.5775,0,13.05,0,0,0,3.7125,0,0,0,0,0,1,0,0,0,0,0,0,0,0,0,0,0,0,0,0,0,52.65,0,5.74354166666667,6.1,0,0,0,0,0,0,0,0
AQUE_2,2012,0,0,0,2.525,1.55,0,0,12.675,0,0,0,0,0,0,9.501667,0,88.0875,0,0,0.8366667,4.5375,0.707875,0,0,1.2375,0,0,0,0,0,0,0,0,0.09333333,0,0,0,0,0,1.525,0,0,12.15,0,2.2225,6.1,3.35,0,0,0,2.8125,0,9.45,2.7
AQUE_2,2013,0,0,0,2.525,0,0,0,0,0,0,0,0,0,0,8.375,0,0,0,0,0,5.3625,0,0,0,1.65,0,0,0,0,0,0,0,0,0,0,0,0,0,0,0,0,0,0,0,12.06438,0,0,0,0,0,0,0,0,0
AQUE_2,2014,0,1.75,0,0,0,0,0,0,0.875,0,2.6625,0,0,0,0.04333333,0,88.0875,0,0,0,6.1875,0,0,0,4.5375,0,0,0,0,0,0,0,0,0,0,0,0,0,0,0,0,0,0,0,3.42725,1.525,1.675,0,0,0,0,0,0,1.35
AQUE_2,2015,0,3.5,0,0,0,0,0,0,0,0,15.975,0,4.05,0,42.17833,0,78.3,0,0,0,16.9125,0,0.4125,0,0.4125,0,0,0,0,0,0,0,0,0,0,0,0,0,0,0,0,0,0,0,2.387917,1.525,0.8375,0,0.805,0,0,0,12.15,2.7
AQUE_2,2016,0,21.875,0,2.525,0,0,0,0,0,0,13.3125,0,0,4.85,41.875,0,0,0,0,0,4.125,0,0,0,0,0,0,0,0,0,0,0,0,0,0,0,0,0,0,0,0,0,0,0,0,0,0,0,0,6.9875,0,0,0,0
AQUE_2,2017,0,1.75,0,0,0,0,0,0,0,0,7.9875,0,0,0,25.6875,0,0,0,0,0,2.8875,0,0,0,0,0,0,0,0,0,0,0,0,0,0,0,0,0,0,0,0,0,0,0,4.644792,0,0,0,0,14.33333,0,0,0,0
AQUE_3,2004,0,0,0,0,0,0,0,2.1125,0,0,0,0,0,0,3.8115,0,3.2625,0,0,0,0,0,0,0,0,0,0,0,0,0,0,0,0,0,0,0,0,0,0,0,0,0,0,0,66.053,1.525,0,0,0,0,0,0,0,0
AQUE_3,2005,0,0,0,2.525,0,4.575,0,0,1.75,0,0,0,0,0,2.32925,0,0,0,0,0,0,0,0,0,0,0,0,0,0,2.8125,0,0,0,0,0,0,0,0,0,0,0,0,0,0,39.37775,0,0,0,0,0,0,0,0,0
AQUE_3,2006,0,0,0,0,1.55,0,0,6.3375,0,0,0,0,0,0,0,0,3.2625,0,0,0,0,0,0,0,0,0,0,0,0,2.8125,0,0,0,0,0,0,0,0,0,0,0,0,0,0,15.963125,3.05,1.675,0,0,0,0,0,0,0
AQUE_3,2007,0,0,4.85,0,6.2,0,0,4.225,0,0,0,0,0,4.85,0.63525,0,3.2625,0,0,0,0,0,0,0,0,0,0,0,0,0,0,0,0,0,0,0,0,0,0,0,0,0,0,0,27.9455,0,0,0,0,0,0,0,0,0
AQUE_3,2008,0,0,4.85,0,0,0,0,6.3375,2.625,0,0,0,0,0,0,0,182.7,0,0,0,0,0,0,0,0,0,0,0,0,0,0,0,0,0,0,0,0,0,0,0,0,0,0,0,48.9663333333333,3.05,0,0,0,0,0,0,0,0
AQUE_3,2009,0,0,4.85,0,1.55,0,0,0,0,0,0,0,0,0,0,0,16.3125,0,0,0,0,1.59925,0,0,0,0,0,0,0,0,3.05,0,0,0,0,0,0,0.875,0,0,0,0,0,0,138.305458333333,0,0.8375,0,0,0,0,0,0,0
AQUE_3,2010,0,0,4.85,2.525,0,0,0,0,0,0,0,0,0,0,0,0,16.3125,0,0,0,0,0,0,0,1.2375,0,0,0.875,0,0,0,0,0,0,0,0,2.45,0,0,1.525,0,0,4.05,0,146.71775,6.1,11.725,0,0,0,0,0,4.05,0
AQUE_3,2011,0,0,0,0,0,0,0,6.3375,0,0,0,0,0,0,4.28125,0,0,0,0,0,0,2.8315,0,0,0,0,1,0,0,5.625,0,0,0,0,0,0,0,0.875,0,0,0,0,12.15,0,103.060416666667,4.575,0.8375,0,0,0,0,0,0,0
AQUE_3,2012,0,0,4.85,0,1.55,0,0,2.1125,0,0,0,0,0,0,10.9625,0,9.7875,0,0,0,0,0,0,0,0,0,0,1.75,0,0,0,0,0,0,0,0,0,0,0,3.05,0,0,0,2.1125,198.14940000000001,12.2,0.8375,0,0,0,0,0,0,0
AQUE_3,2013,0,0.875,0,0,0,0,0,0,0,0,0,0,0,0,20.9375,0,0,0,0,0,0,0,0,0,0,0,0,0,0,0,3.05,0,0,0,0,0,0,0,0,3.05,0,0,0,0,186.5125,3.05,0,0,0,0,0,0,0,0
AQUE_3,2014,0,0,9.7,0,6.2,0,0,2.1125,0,0,5.325,0,0,0,8.375,0,26.1,0,0,0,1.2375,0,0,0,0,0,4,0,0,5.625,0,0,0,0,0,0,0,0,0,4.575,0,0,0,0,172.1096,18.3,0,0,0,0,0,0,0,0
AQUE_3,2015,0,1.75,0,0,0,0,0,0,0,0,0,0,0,0,12.58417,0,192.4875,0,0,0,0.4125,0,0,0,0,0,0,0,0,0,0,0,0,0,0,0,0,0,0,0,0,0,0,0,21.55708,9.15,0,0,0,0,0,0,0,0
AQUE_3,2016,0,13.125,0,0,1.55,0,0,2.1125,0,0,0,0,0,0,29.39917,0,35.8875,0,0,0,0.825,0,0,0,0,0,0,0,0,8.4375,3.05,0,0,0,0,0,0,2.625,0,1.525,0,0,4.05,2.1125,9.985208,1.525,1.675,0,0,0,0,0,0,0
AQUE_3,2017,0,0.875,4.85,0,0,0,0,0,0,0,0,0,0,0,25.125,0,6.525,0,0,0,0,0.707875,0,0,0,0,0,0,0,0,1.525,0,0,0,0,0,0,0.875,0,0,0,0,0,0,1.145208,0,0,0,0,0,0,0,0,0
AQUE_4,2004,0,0,0,0,3.1,0,2.525,4.225,0,0,0,0,0,0,0.847,0,0,0,0,0,0,0,0,0,0,0,0,0,0,0,0,0,0,0,0,0,0,0,0,0,0,0,0,0,58.4315,9.15,0,0,0,0,0,0,0,0
AQUE_4,2005,0,0,0,0,6.2,1.525,0,21.125,0.875,0,10.65,0,0,0,0.21175,0,19.575,0,0,0,0,0,0,0,0,0,1,0,0,0,0,0,0,0,0,0,0,0.875,5.625,0,0,0,0,0,79.730625,15.25,0,0,0,0,0,0,0,0
AQUE_4,2006,0,0,0,2.525,1.55,0,0,6.3375,0,0,0,0,0,0,0.4235,0,0,0,0,0,0,0,0,0,0,0,0,0,0,0,0,0,0,0,0,0,0,0,0,0,0,0,0,0,37.472375,9.15,0,0,0,0,0,0,0,0
AQUE_4,2007,0,0,0,2.525,0,3.05,0,14.7875,0,0,13.3125,0,0,0,1.29216666666667,0,0,0,0,0,0.4125,0,0,0,0,0,1,0,0,5.625,0,0,0,0,0,0,0,0,0,0,0,0,0,0,51.445125,9.15,0,0,0,0,0,0,0,0
AQUE_4,2008,0,0,0,0,0,0,0,12.675,0,0,5.325,0,0,0,0,0,9.7875,0,0,0,0.4125,0,0,0,0,0,0,0,0,0,0,0,0,0,0,0,0,1.75,0,0,0,0,0,0,57.6804166666667,7.625,0,0,0,0,0,0,0,0
AQUE_4,2009,0,0,4.85,5.05,0,0,0,14.7875,0.875,0,2.6625,0,0,0,8.375,0,3.2625,0,0,0,0.4125,0,0,0,0,0,0,0,0,5.625,0,0,0,0,0,0,0,0.875,0,0,0,0,4.05,0,61.31,12.2,0,0,0,0,0,0,0,0
AQUE_4,2010,0,0,0,5.05,0,0,0,16.9,0,0,2.6625,0,0,0,0,0,55.4625,0,0,0,0.825,0,0,0,2.8875,1,0,0,0,0,0,0,0,0,0,0,0,0,0,0,0,0,0,0,49.2451666666667,19.825,9.2125,0,0,0,0,0,0,0
AQUE_4,2011,0,0,4.85,0,0,0,0,4.225,0,0,2.6625,0,0,0,0.0216666666666667,0,55.4625,0,0,0,4.5375,0,0,0,0.4125,0,3,0.875,0,0,0,0,0,0,0,0,0,0,0,0,0,0,129.6,0,38.5062916666667,4.575,0.8375,0,0,0,0,0,0,1.35
AQUE_4,2012,0,0,0,2.525,0,0,0,4.225,0,0,0,0,0,0,29.39333,0,185.9625,0,0,0,3.7125,0,0,0,0,0,0,0,0,5.625,0,0,0,0,0,0,0,0,0,0,0,0,0,0,5.295,10.675,1.675,0,0,0,0,0,0,6.75
AQUE_4,2013,0,0,0,2.525,0,0,0,2.1125,0,0,0,0,0,0,12.5625,0,0,0,0,0,2.0625,0,0,0,0,0,0,0,0,0,0,0,0,0,0,0,0,0,0,0,0,0,0,0,4.021458,1.525,0,0,0,0,0,0,0,0
AQUE_4,2014,0,0,0,2.525,0,0,0,8.45,0,0,0,0,0,0,12.60583,0,159.8625,0,0,0,4.125,0,0,0,2.0625,0,1,0,0,8.4375,0,0,0,0,0,0,0,0,0,0,0,0,0,0,11.51083,16.775,0.8375,0,0,0,0,0,0,2.7
AQUE_4,2015,0,0,0,0,0,0,0,2.1125,0.875,0,5.325,0,0,0,16.77167,0,0,0,0,0,1.65,0,0,0,0.825,0,0,0,0,0,3.05,0,0,0,0,0,0,0,0,0,0,0,0,0,7.111458,7.625,0,0,0,0,0,0,0,0
AQUE_4,2016,0,9.625,0,2.525,0,0,0,6.3375,1.75,0,2.6625,0,0,0,20.95917,0,0,0,0,0,1.2375,0,0,0,0,0,0,0,0,16.875,3.05,0,0,0,0,0,2.45,0.875,0,0,0,0,0,0,0.5854167,16.775,0,0,0,0,0,0,0,0
AQUE_4,2017,0,0,4.85,2.525,1.55,0,0,10.5625,0.875,0,26.625,0,0,0,41.875,0,0,0,0,0,2.0625,0.707875,0.4125,0,0,0,0,0,0,2.8125,0,0,0,0,0,0,0,0,0,0,0,0,0,0,0.064375,7.625,0,0,0,0,0,0,0,0
AQUE_5,2004,0,0,0,0,1.55,0,0,0,0,0,0,0,0,0,0,0,0,0,0,0,0.4125,0,0,0,0,0,0,0,0,0,0,0,0,0,0,0,0,0,0,0,0,0,0,0,0,0,0,0,0,0,0,0,0,0
AQUE_5,2005,0,0,0,0,1.55,0,0,0,0,0,0,0,0,0,0,0,0,0,0,0,0,0,0,0,0,0,0,0,0,0,0,0,0,0,0,0,0,0,0,0,0,0,0,0,0,0,0,0,0,0,0,0,0,0
AQUE_5,2006,0,0,0,0,0,0,0,0,0,0,0,0,0,0,0,0,0,0,0,0,0,0,0,0,0,0,0,0,0,0,0,0,0,0,0,0,0,0,0,0,0,0,0,0,0,1.525,0,0,0,0,0,0,0,0
AQUE_5,2007,0,0,0,0,0,0,0,0,0,0,0,0,0,0,0,0,0,0,0,0,0.4125,0,0,0,0,0,0,0,0,0,0,0,0,0,0,0,0,0,0,0,0,0,0,0,0,7.625,0,0,0,0,0,0,0,0
AQUE_5,2008,0,0,0,0,0,0,0,0,0,0,0,0,0,0,0,0,0,0,0,0,0,0,0,0,0,0,0,0,0,0,0,0,0,0,0,0,0,0,0,0,0,0,0,0,0.635125,3.05,0,0,0,0,0,0,0,0
AQUE_5,2009,0,0.875,0,0,1.55,0,0,0,0,0,0,0,0,0,0,0,0,0,0,0,0.4125,0,0,0,0,0,0,0.875,0,0,0,0,0,0,0,0,0,0.875,0,0,0,0,4.05,0,0.635125,12.2,0,0,0,0,0,0,0,0
AQUE_5,2010,0,0,0,0,0,0,0,0,0,0,0,0,0,4.85,0,0,0,0,0,0,4.125,0,0,0,0.4125,0,0,0,0,0,0,0,0,0,0,0,0,0,0,0,0,0,0,0,0,1.525,0.8375,0,0,0,0,0,0,0
AQUE_5,2011,0,0,0,0,0,0,0,0,0,0,0,0,0,0,0,0,26.1,0,0,0,4.125,0,0,0,2.0625,0,1,0,0,0,0,0,0,0,0,0,0,0,0,0,0,0,137.7,0,1.56666666666667,1.525,0,0,0,0,0,0,0,0
AQUE_5,2012,0,0,0,0,6.2,0,0,0,0,0,0,0,0,0,20.9375,0,159.8625,0,0,0,2.8875,0,0,0,0,0,0,0,0,0,0,0,0,0,0,0,0,0,0,0,0,0,0,0,7.683333,6.1,1.675,0,0,0,0,0,0,0
AQUE_5,2013,0,0,0,0,0,0,0,4.225,0,0,0,0,0,0,8.375,0,0,0,0,0,3.3,0,0,0,0,0,0,0,0,0,0,0,0,0,0,0,0,0,0,0,0,0,0,0,1.963958,0,0,0,0,0,0,0,0,0
AQUE_5,2014,0,0,0,0,0,0,0,2.1125,0,0,0,0,0,0,0,0,218.5875,0,0,0,6.1875,0,0,0,0.4125,0,0,0,0,0,0,0,0,0,0,0,0,0,0,0,0,0,0,0,6.930625,7.625,0,0,0,0,0,0,0,0
AQUE_5,2015,0,0,0,0,0,0,0,0,0,0,0,0,0,0,0,0,0,0,0,0,1.65,0,0,0,0,0,0,0,0,0,0,0,0,0,0,0,0,0,0,0,0,0,0,0,2.036875,1.525,0,0,0,0,0,0,0,0
AQUE_5,2016,0,0.875,0,0,0,0,0,2.1125,0.875,0,0,0,0,0,8.375,0,32.625,0,0,0,2.475,0,0,0,0,0,0,0,0,5.625,0,0,2.1125,0,0,0,0,0,0,0,0,0,0,0,0,7.625,0,0,0,0,0,0,1.35,0
AQUE_5,2017,0,0,0,0,0,0,0,0,0.875,0,0,0,0,0,0,0,0,0,0,0,3.3,0,0,0,0,0,0,0,0,0,0,0,0,0,0,0,0,0,0,0,0,0,0,0,0.085,12.2,0,0,0,0,0,0,0,0
AQUE_6,2004,0,0,0,0,0,0,0,0,0,0,0,0,0,0,0,0,0,0,0,0,0,0,0,0,0,0,0,0,0,0,0,0,0,0,0,0,0,0,0,0,0,0,0,0,0,0,0,0,0,0,0,0,0,0
AQUE_6,2005,0,0,0,0,0,0,0,0,0,0,0,0,0,0,0,0,0,0,0,0,0,0,0,0,0,0,0,0,0,0,0,0,0,0,0,0,0,0,0,0,0,0,0,0,0,0,0,0,0,0,0,0,0,0
AQUE_6,2006,0,0,0,0,0,0,0,0,0,0,0,0,0,0,0,0,0,0,0,0,0,0,0,0,0,0,0,0,0,0,0,0,0,0,0,0,0,0,0,0,0,0,0,0,0,0,0,0,0,0,0,0,0,0
AQUE_6,2007,0,0,0,0,0,0,0,0,0,0,0,0,0,0,0,0,0,0,0,0,0,4.79775,0,0,0,0,0,0,0,0,0,0,0,0,0,0,0,0,0,0,0,0,0,0,0,1.525,0,0,0,0,0,0,0,0
AQUE_6,2008,0,0,0,0,0,0,0,0,0,0,0,0,0,0,0.0216666666666667,0,9.7875,0,0,0,0,0,0,0,0,0,0,0,0,2.8125,0,0,0,0,0,0,0,0,0,0,0,0,0,0,6.46,1.525,0,0,0,0,0,0,0,0
AQUE_6,2009,0,0,0,0,0,0,0,0,0.875,0,0,0,0,0,0.0216666666666667,0,0,0,0,0,1.2375,0,0,1.525,0,0,0,0,0,2.8125,0,0,0,0,0,0,0,0,0,0,0,0,4.05,0,8.89779166666667,13.725,0,0,0,0,0,4.575,0,0
AQUE_6,2010,0,0.875,0,0,0,0,0,0,3.5,0,0,0,0,0,0,0,55.4625,0,0,0,0.825,0,0,4.575,0,0,0,0,0,0,0,0,0,0,0,0,0,0,0,4.575,0,0,20.25,0,10.7981666666667,1.525,0,0,0,0,0,0,0,0
AQUE_6,2011,0,0,0,0,0,0,0,2.1125,0,0,0,0,0,0,0,0,0,0,0,0,3.3,0,0,0,0,0,0,0,0,0,0,0,0,0,0,0,0,0,0,0,0,0,93.15,0,0,0,0,0,0,0,0,0,0,0
AQUE_6,2012,0,0,0,0,0,0,0,0,0,0,0,0,0,0,0,0,185.9625,0,0,0,1.2375,0,0,3.05,0.4125,0,0,0,0,0,0,0,0,0,0,0,0,0,0,0,0,0,20.25,0,1.986667,3.05,0,0,0,0,0,0,0,0
AQUE_6,2013,0,0,0,0,0,0,0,0,0,0,0,0,0,0,0,0,0,0,0,0,2.8875,0,0,0,0,0,0,0,0,0,0,0,0,0,0,0,0,0,0,0,0,0,0,0,1.170833,0,0,0,0,0,0,0,0,0
AQUE_6,2014,0,0,0,0,0,0,0,0,0,0,0,0,0,0,0,0,0,0,0,0,1.65,0,0,0,0,0,0,0,0,0,0,0,0,0,0,0,0,0,0,0,0,0,0,0,0,0,0,0,0,0,0,0,0,0
AQUE_6,2015,0,0.875,0,0,0,0,0,0,0.875,0,0,0,0,0,0.08666667,0,48.9375,1.35,0,0,7.8375,0,0,0,0,0,0,0,0,0,0,0,0,0,0,0,0,0,0,0,0,0,0,0,0,1.525,0,0,0,0,0,0,0,0
AQUE_6,2016,0,18.375,0,0,4.65,0,0,6.3375,4.375,0,0,0,0,0,8.375,0,146.8125,0,0,0,4.95,0,0,3.05,0,0,0,0.875,0,2.8125,0,0,0,0,0,0,0,0,0,6.1,0,0,16.2,0,0,4.575,1.675,0,0,0,0,0,0,0
AQUE_6,2017,0,0,0,0,0,0,0,0,0,0,0,0,0,0,4.1875,0,3.2625,0,0,0,5.3625,0,0,0,0,0,0,0,0,0,0,0,0,0,0,0,0,0,0,0,0,0,0,0,0,1.525,0,0,0,0,0,0,0,0
BULL_1,2004,0,0,43.65,0,1.55,0,0,35.9125,3.5,0,15.975,0,0,0,56.3954166666667,0,19.575,0,0,0,0.825,11.19475,0,0,0,0,0,0,0,2.8125,0,0,0,0,0,0,0,0,2.8125,0,0,0,4.05,0,150.619125,4.575,0.8375,0,0,0,0,0,0,0
BULL_1,2005,0,0,0,2.525,15.5,1.525,0,2.1125,0.875,0,15.975,0,0,0,86.8608333333333,0,9.7875,0,0,0,0.4125,1.59925,0,0,0,0,0,0,0,0,0,0,0,0,0,0,0,3.5,0,0,0,2.1125,0,0,154.045,1.525,0,0,0,0,0,0,0,0
BULL_1,2006,0,0,92.15,2.525,7.75,0,2.525,27.4625,2.625,0,5.325,0,0,0,50.2280833333333,0,0,0,0,0,0.825,1.59925,0,0,0,0,1,0,2.8125,0,0,0,0,0,0,0,0,2.625,0,0,0,0,0,0,135.16125,6.1,0.8375,0,0,0,0,0,0,0
BULL_1,2007,0,0,82.45,2.525,1.55,0,0,8.45,3.5,0,13.3125,0,0,0,9.7405,0,0,0,0,0,0,1.59925,0,0,0,0,1,0,0,0,0,0,0,0,0,0,0,5.25,0,0,0,0,0,0,142.903125,3.05,0.8375,0,0,0,0,0,0,0
BULL_1,2008,0,0,67.9,2.525,1.55,0,0,19.0125,1.75,0,2.6625,0,0,0,0,0,35.8875,0,0,0,0,0.123333333333333,0,0,0,0,0,2.625,0,2.8125,0,0,0,0,0,0,0,1.75,0,3.05,0,0,0,0,159.758958333333,3.05,0,0,0,0,0,0,0,0
BULL_1,2009,0,0,116.4,5.05,0,0,0,10.5625,0.875,0,2.6625,0,0,0,0.0216666666666667,0,3.2625,0,0,0,0.825,1.59925,0,0,0,0,0,0.875,0,5.625,1.525,0,0,0,0,0,0,6.125,0,0,0,0,0,0,130.093708333333,3.05,0,0,0,0,0,1.525,0,0
BULL_1,2010,0,0,169.75,2.525,0,0,0,38.025,0.875,0,5.325,0,0,0,0,0,45.675,0,0,0,0,3.1985,0,0,0,0,0,0.875,0,0,0,0,0,0,0,0,0,10.5,0,0,0,0,8.1,0,116.3625,3.05,0,0,0,0,0,0,0,0
BULL_1,2011,0,0,111.55,10.1,0,0,0,31.6875,5.25,0,13.3125,0,0,0,26.7562498875,0,39.15,0,0,0,1.65,0.707875,0,0,0,0,0,8.75,0,19.6875,0,0,0,0.62,0,0,0,9.625,0,6.1,0,0,8.1,0,169.792083333333,7.625,0.8375,0,0,0,2.8125,0,0,0
BULL_1,2012,0,0,87.3,7.575,0,0,0,6.3375,0,0,7.9875,0,0,0,6.475,0,0,0,0,0,0,45.304,0,0,0,0,0,1.75,0,2.8125,0,0,0,0,0,0,0,7.875,0,0,0,0,0,0,84.06125,7.625,0.8375,0,0,0,0,0,0,0
BULL_1,2013,0,0,72.75,2.525,0,0,0,4.225,0,0,5.325,0,0,9.7,12.5625,0,0,0,0,0,0,41.05675,0,0,0,0,0,0,0,0,0,0,0,0,0,0,0,3.5,0,0,0,0,0,0,65.405,3.05,3.35,0,0,0,0,3.05,0,0
BULL_1,2014,0,0,101.85,5.05,0,0,0,16.9,1.75,0,13.3125,0,0,4.85,9.882917,0,0,0,0,0,0.4125,84.23713,0,0,0,0,0,0.875,0,2.8125,0,0,0,0,0,0,0,5.25,0,1.525,0,0,0,0,77.25105,15.25,1.675,0,0,0,0,0,0,0
BULL_1,2015,0,4.375,121.25,0,0,0,0,6.3375,0.875,0,10.65,0,0,0,31.3375,0,19.575,0,0,0,0,23.48321,0,0,0,0,1,0.875,0,8.4375,1.525,0,0,0,0,0,0,2.625,0,1.525,0,0,0,0,10.815,9.15,0,0,0,0,0,0,0,0
BULL_1,2016,0,8.75,4.85,0,0,0,0,0,0,0,13.3125,0,0,0,4.2625,0,3.2625,0,0,0,0,4.955125,0,0,0.825,0,0,0,0,2.8125,0,0,0,0,0,0,0,0,0,0,0,0,0,0,0.8720833,1.525,0,0,0,0,0,0,0,4.05
BULL_1,2017,0,1.75,14.55,0,0,0,5.05,8.45,0,0,5.325,0,0,0,16.8625,2.1125,0,0,0,0,0,1.41575,0,0,0,0,1,1.75,0,11.25,0,0,0,0,0,0,0,1.75,0,3.05,0,2.1125,0,0,1.248333,4.575,0,0.875,0,0,2.8125,0,0,0
BULL_3,2004,0,0,53.35,2.525,1.55,0,0,6.3375,12.25,0,10.65,0,0,0,30.5619166666667,0,22.8375,0,0,0,0.4125,1.59925,0,0,0,0,0,0,0,0,0,0,0,0,0,0,0,0,0,0,0,0,4.05,0,256.17025,1.525,0,0,0,0,0,0,0,0
BULL_3,2005,0,0,0,2.525,10.85,3.05,0,4.225,3.5,0,5.325,0,0,0,51.0534166666667,0,6.525,0,0,0,1.2375,0,0.4125,0,0,0,0,0,0,0,0,0,0,0,0,0,0,3.5,0,0,0,4.225,0,0,365.891125,0,0,0,0,0,0,0,0,0
BULL_3,2006,0,0,14.55,2.525,3.1,0,0,0,0.875,0,5.325,0,0,0,0.63525,0,0,0,0,0,0,1.59925,0,0,0,0,0,0,0,0,0,0,0,0,0,0,0,0.875,0,0,0,0,0,0,336.406125,3.05,0,0,0,0,0,0,0,0
BULL_3,2007,0,0,67.9,5.05,0,0,0,6.3375,8.75,0,2.6625,0,0,0,5.6355,0,0,0,0,0,0.4125,6.397,0,0,0,0,0,0,0,0,0,0,0,0,0,0,0,6.125,0,0,0,0,4.05,0,341.147125,13.725,0,0,0,0,0,0,0,0
BULL_3,2008,0,0,43.65,0,3.1,0,0,10.5625,2.625,0,2.6625,0,0,0,0,0,9.7875,0,0,0,0.4125,6.52033333333333,0,0,0,0,1,0,0,0,0,0,0,0,0,0,0,2.625,0,0,0,0,0,0,248.540291666667,6.1,0,0,0,0,0,0,0,0
BULL_3,2009,0,0,38.8,2.525,0,1.525,0,2.1125,0.875,0,2.6625,0,0,0,0.065,0,0,0,0,0,0.4125,4.79775,0,0,0,0,0,0,0,0,0,0,0,0,0,0,0,0.875,0,0,0,0,0,0,297.976833333333,3.05,0.8375,0.875,0,0,0,1.525,0,0
BULL_3,2010,0,0,82.45,2.525,3.1,0,0,4.225,1.75,0,0,0,0,9.7,0.108333333333333,0,6.525,0,0,0,0,0,0,0,0,0,0,0.875,0,2.8125,0,0,0,0,0,0,0,5.25,0,3.05,0,0,8.1,0,196.81825,4.575,0,0,0,0,0,0,0,0
BULL_3,2011,0,0,72.75,0,0,0,0,2.1125,7,0,2.6625,0,0,4.85,30.5341666666667,0,3.2625,0,0,0,0.825,0.707875,0,0,0,0,1,3.5,0,5.625,0,0,0,0,0,0,0,7,0,1.525,0,0,0,0,107.382708333333,0,0,0,0,0,0,0,0,0
BULL_3,2012,0,0.875,208.55,5.05,0,0,0,25.35,0.875,0,0,0,0,0,58.725,0,0,0,0,0,0,13.44962,0,0,0,0,0,0,0,2.8125,0,0,0,0,0,0,0,13.125,0,0,0,0,4.05,0,208.2215,6.1,0,0,0,0,0,0,0,0
BULL_3,2013,0,0,58.2,2.525,0,0,0,2.1125,0,0,2.6625,0,0,4.85,16.75,0,0,0,0,0,0,34.68588,0.4125,0,0,0,0,0.875,0,2.8125,1.525,0,0,0,0,0,0,3.5,0,0,0,0,0,0,132.8906,3.05,0,0,0,0,0,0,0,0
BULL_3,2014,0,0,33.95,2.525,0,0,0,2.1125,0,0,0,0,0,0,43.06188,0,0,0,0,0,0.825,14.21917,0,0,0,0,0,0.875,0,0,0,0,0,0,0,0,0,3.5,0,0,0,0,0,0,90.71042,12.2,0,0,0,0,0,0,0,0
BULL_3,2015,0,3.5,33.95,2.525,0,0,0,19.0125,1.75,0,10.65,0,0,0,71.1875,0,22.8375,0,0,0,0,9.510708,0,0,0,0,0,1.75,0,0,1.525,0,0,0,0,0,0,6.125,0,3.05,0,0,0,0,28.80833,7.625,0.8375,0,0,0,0,0,0,0
BULL_3,2016,0,7.875,0,0,1.55,0,0,0,0,0,5.325,0,0,0,50.15,0,6.525,0,0,0,0,0,0,0,0.825,0,0,0,0,2.8125,0,0,0,0,0,0,0,0,0,0,0,2.1125,0,0,3.201667,3.05,0,0,0,0,0,0,0,0
BULL_3,2017,0,1.75,0,0,0,0,0,6.3375,0,0,10.65,0,0,0,46.74375,0,0,0,0,0,0.825,1.41575,0,0,0,0,0,0.875,0,8.4375,0,0,0,0,0,0,0,0.875,0,0,0,2.1125,0,0,1.516875,10.675,0,0.875,0,0,0,0,0,0
BULL_6,2004,0,0,0,0,3.1,1.525,0,6.3375,0.875,0,2.6625,0,0,0,0.933666666666667,0,156.6,0,0,0,0,0,0,0,0,0,7,0,0,0,0,0,0,0.186666666666667,0,0,0,0,14.0625,0,0,0,0,0,161.5815,1.525,0,0,0,0,0,0,0,1.35
BULL_6,2005,0,0,4.85,5.05,0,1.525,0,6.3375,0,0,2.6625,0,0,0,2.32925,0,0,0,0,0,0,30.38575,0,0,0,0,0,0,0,0,0,0,0,0.47075,0,0,0,0,0,0,0,0,0,0,93.448375,0,0.8375,0,0,0,0,0,0,0
BULL_6,2006,0,0,0,0,6.2,0,0,4.225,0.875,0,0,0,0,0,0.743583333333333,0,9.7875,0,0,0,1.2375,11.19475,0,0,0,0,2,0,0,5.625,0,0,0,0,0,0,0,0,0,0,0,0,12.15,0,79.489875,0,0,0,0,0,0,0,0,0
BULL_6,2007,0,0,4.85,0,0,0,0,8.45,0,0,0,0,0,0,2.541,0,0,0,0,0,0,19.191,0,0,0,0,3,0,0,0,0,0,0,0,0,0,0,0,0,0,0,0,0,0,283.820625,0,0,0,0,0,0,0,0,0
BULL_6,2008,0,0,4.85,0,0,0,0,8.45,0,0,0,0,0,0,0,0,143.55,0,0,0,0.4125,0,0,0,0,0,6,0,0,0,0,0,0,0,0,0,0,0.875,0,0,0,0,8.1,0,313.883458333333,0,0,0,0,0,0,0,0,0
BULL_6,2009,0,0,9.7,0,3.1,0,0,10.5625,0.875,0.8375,0,0,0,4.85,0.585,0,0,0,0,0,0,0,0.4125,0,0,0,0,1.75,0,0,0,0,0,0,0,0,0,0,0,1.525,0,0,0,0,401.101208333333,3.05,0.8375,0,0,0,0,0,0,0
BULL_6,2010,0,0,14.55,2.525,0,0,0,0,0,0,0,0,0,0,0,0,3.2625,0,0,0,0.4125,1.59925,0,0,0,0,0,0,0,2.8125,0,0,0,0,0,0,0,0,0,0,0,0,0,0,421.401208333333,0,0,0,0,0,0,0,0,0
BULL_6,2011,0,0,33.95,0,0,0,0,4.225,1.75,0,0,0,0,0,4.2525,0,16.3125,0,0,0,0.825,0,0,0,0,0,1,1.75,0,0,0,0,0,0.155,0,0,0,0,0,0,0,0,0,0,136.94375,0,0,0,0,0,0,0,0,0
BULL_6,2012,0,0,29.1,0,0,0,0,4.225,0,0,7.9875,0,0,0,8.665,0,0,0,0,0,0,0,0,0,0,0,0,0,0,0,0,0,0,0,0,0,0,2.625,0,3.05,0,0,4.05,0,146.6583,3.05,0,0,0,0,0,0,0,0
BULL_6,2013,0,0,63.05,5.05,1.55,0,0,12.675,0,0,0,0,0,0,29.74583,0,0,0,0,0,0.825,0,0,0,0,0,0,0,0,0,0,0,0,0,0,0,0,5.25,0,0,0,0,0,0,333.9871,6.1,0.8375,0,0,0,0,0,0,0
BULL_6,2014,0,0,9.7,2.525,0,0,0,2.1125,0,0,0,0,0,0,12.7125,0,0,0,0,0,0,0,0,0,0,0,1,0,0,0,0,0,0,0,0,0,0,0,0,0,0,0,0,0,228.8239,4.575,0,0,0,0,0,0,0,0
BULL_6,2015,0,2.625,24.25,5.05,0,3.05,0,46.475,0.875,0,10.65,0,0,0,21.4625,0,35.8875,0,0,0,2.8875,0,0,0,0.825,0,1,0,0,0,0,0,0,0,0,0,0,3.5,0,6.1,0,0,0,0,17.19771,6.1,1.675,0,0,0,0,0,0,0
BULL_6,2016,0,14.875,0,0,0,0,0,4.225,0,0,10.65,0,0,0,29.3125,0,3.2625,0,0,0,0.4125,0,0,0,3.3,0,0,0,0,8.4375,0,0,0,2.325,0,0,0,0,0,0,0,0,0,0,5.218375,0,0.8375,0,0,0,0,0,0,2.7
BULL_6,2017,0,1.75,4.85,0,0,0,0,6.3375,0.875,0,13.3125,0,0,4.85,21.2,0,6.525,0,0,0,0.4125,0,0,0,1.2375,0,0,0,0,16.875,0,0,0,0.50375,0,0,0,3.5,0,0,0,0,12.15,0,3.224375,4.575,3.35,0,0,0,0,0,0,1.35
CARP_1,2004,0,0,0,0,1.55,0,0,2.1125,0,0,37.275,0,0,0,0,4.225,0,0,0,0,7.425,0,0,0,0,0,2,0,56.25,0,0,0,0,0,0,2.45,0,0,0,0,0,0,0,0,0,13.725,0,0,0,0,0,0,0,0
CARP_1,2005,0,0,0,0,0,3.05,0,12.675,0.875,0,13.3125,0,0,0,2.541,0,22.8375,0,0,0,7.8375,0,0.4125,0,0,0,0,0,61.875,0,0,0,0,0,0,0,0,0,0,0,0,0,0,0,0,10.675,0,0,0,0,0,0,0,0
CARP_1,2006,0,0,0,0,1.55,0,0,21.125,0,0,18.6375,0,0,0,0,0,13.05,0,0,0,1.65,0,0,0,0,0,0,0,87.1875,0,0,0,0,0,0,0,0,0,0,0,0,0,0,0,0,19.825,4.1875,0,0,0,0,0,0,0
CARP_1,2007,0,0,0,0,0,0,0,31.6875,0,0,13.3125,0,0,9.7,0,0,3.2625,0,0,0,1.2375,0.0616666666666667,0,0,0,0,0,0,95.625,0,0,0,0,0,0,2.45,0,0,0,0,0,0,0,0,2.5405,25.925,3.35,0,0,0,0,0,0,0
CARP_1,2008,0,0,24.25,0,0,0,0,21.125,0,0,5.325,0,0,0,0,0,6.525,0,0,0,1.65,0,0.4125,0,0,0,0,0,78.75,0,0,0,0,0,0,0,0,0,0,0,0,0,4.05,0,19.5201666666667,9.15,4.1875,0,0,0,0,0,0,0
CARP_1,2009,0,0,0,0,3.1,0,0,71.825,2.625,0,23.9625,0,0,0,0,0,32.625,0,0,0,0.4125,1.59925,0.825,0,0,0,0,0,132.1875,0,3.05,0,0,0,0,0,0,2.625,0,0,0,0,4.05,0,6.986375,50.325,5.8625,0,0,0,0,0,0,0
CARP_1,2010,0,0,0,0,1.55,0,0,92.95,1.75,0,10.65,0,0,242.5,0,0,35.8875,1.35,0,0,0.4125,0,0,0,0,0,0,0,64.6875,0,0,0,0,0,0,0,0,0.875,0,0,0,0,0,0,0,35.075,1.675,0,0,0,0,7.625,0,0
CARP_1,2011,0,0,38.8,0,0,0,0,33.8,0,0,10.65,0,0,19.4,0,8.45,19.575,1.35,0,0,0.4125,2.8315,0,0,0.4125,0,0,0,64.6875,2.8125,0,0,0,0,0,0,0,0,0,0,0,2.1125,0,6.3375,0,10.675,1.675,0,0,0,0,7.625,0,0
CARP_1,2012,0,0,4.85,0,0,0,0,48.5875,0.875,0,7.9875,0,0,48.5,0,0,32.625,1.35,0,0,1.2375,0,0,0,0.4125,0,0,0,53.4375,2.8125,3.05,0,0,0,0,4.9,4.9,0,0,0,0,0,0,0,2.06,21.35,5.025,3.5,0,0,0,0,0,0
CARP_1,2013,0,0,14.55,0,3.1,0,0,50.7,0.875,0,13.3125,0,0,14.55,0,4.225,19.575,1.35,0,0,0.4125,0,0,0,1.2375,0,0,0,56.25,0,1.525,0,0,0,0,0,2.45,0,0,0,0,4.225,0,8.45,0,12.2,2.5125,1.75,0,0,0,4.575,0,0
CARP_1,2014,0,0,9.7,2.525,0,0,0,126.75,1.75,0,18.6375,0,0,0,8.375,2.1125,3.2625,2.7,0,0,2.475,0,0,0,0,0,1,0,78.75,0,0,0,0,0,0,7.35,0,15.75,0,0,0,10.5625,0,0,0,35.075,8.375,0,0,0,0,0,0,0
CARP_1,2015,0,0,0,0,1.55,0,0,82.3875,0,0,45.2625,0,0,0,8.375,0,0,2.7,0,0,4.125,0,0,0,0.4125,0,1,0,78.75,0,0,0,0,0,0,0,0,0,0,0,0,0,0,0,0,27.45,7.5375,0,0,0,0,0,0,0
CARP_1,2016,0,0,0,2.525,0,0,0,111.9625,0,0,29.2875,0,0,0,0,0,13.05,0,0,0,5.775,0,0,0,0,0,0,0,95.625,0,0,0,0,0,0,0,0,0.875,0,0,0,0,0,0,0,41.175,0,0,0,0,0,0,0,0
CARP_1,2017,0,0,4.85,12.625,0,0,0,116.1875,2.625,0,15.975,0,0,0,0,0,3.2625,2.7,0,0,3.7125,0,0,0,0,0,0,0,101.25,0,1.525,0,0,0,0,0,0,4.375,0,0,0,0,0,0,0,44.225,0,0,0,0,0,0,0,0
CARP_2,2004,0,0,0,7.575,0,0,0,0,0,0,34.6125,0,0,0,41.5896666666667,0,0,16.2,0,0,7.0125,0,0,0,0,0,0,0,0,0,0,0,0,0,0,0,0,0,0,0,0,0,0,0,0,0,0,0,0,0,0,0,0,1.35
CARP_2,2005,0,0,0,20.2,0,0,0,0,0,0,13.3125,0,12.15,0,0.0216666666666667,0,0,37.8,0,0,5.775,0,6.6,0,0,0,0,0,0,0,0,0,0,0,2.6625,0,0,0,0,0,0,0,0,0,0,0,0,0,0,0,0,0,0,1.35
CARP_2,2006,0,0,0,2.525,0,0,0,0,0,0,5.325,0,0,0,9.10525,0,0,0,0,0,5.775,0,3.3,0,0,0,0,0,0,0,0,0,0,0,0,0,0,0,0,0,0,0,0,0,0,0,0,0,0,0,0,0,0,0
CARP_2,2007,0,0,0,0,7.75,0,0,2.1125,0,0,82.5375,0,4.05,4.85,96.6663333333333,0,0,4.05,0,0,7.0125,0,2.8875,0,3.7125,0,0,0,0,0,0,0,0,0,0,0,0,0,0,0,0,0,0,0,0,0,0,0,0,0,2.8125,0,0,2.7
CARP_2,2008,0,0,0,5.05,0,0,0,0,0,0,53.25,0,0,0,0.0216666666666667,0,0,0,0,0,4.95,0,1.65,0,0,0,0,0,0,0,0,0,0,0,0,0,0,0,0,0,0,0,0,0,0,0,0,0,0,0,0,0,0,0
CARP_2,2009,0,0,0,7.575,0,0,0,0,0,0.8375,109.1625,0,8.1,0,0,0,0,5.4,2.7,0,5.775,0,0.4125,0,2.0625,0,0,0,0,0,0,0,0,0,0,0,0,0,0,0,0,0,8.1,0,0,0,3.35,0,0,0,0,0,0,0
CARP_2,2010,0,0,0,5.05,0,0,0,0,0,0,47.925,0,0,0,0.411666666666667,0,45.675,74.25,17.55,0,8.25,0,4.5375,0,0.4125,0,0,0,0,0,0,0,0,0,0,0,0,0,0,0,0,0,16.2,0,0.255,1.525,0,0,0,0,0,0,1.35,0
CARP_2,2011,0,0,0,7.575,0,0,0,0,0,0,21.3,0,0,0,33.8466666666667,0,0,4.05,0,0,6.1875,0,0.4125,0,0,0,0,0,0,0,0,0,0,0,0,0,0,0,0,0,0,0,0,0,0.635125,0,0,0,0,0,0,0,0,0
CARP_2,2012,0,0,0,5.05,0,0,0,0,0,0,23.9625,0,0,0,16.7933333333333,0,0,4.05,0,0,7.8375,0,2.475,0,0,0,0,0,0,0,0,0,0,0,0,0,0,0,0,0,0,0,0,0,0,0,0,0,0,0,0,0,0,0
CARP_2,2013,0,0,4.85,0,0,0,0,2.1125,0,0,133.125,0,0,0,60.94333,0,0,25.65,10.8,0,3.7125,0,0,0,4.95,0,0,0,0,0,0,0,0,0,0,0,0,2.625,0,0,0,0,4.05,0,0,0,0.8375,0,0,0,0,0,0,0
CARP_2,2014,0,0,0,0,0,0,2.525,0,0,0,21.3,0,0,0,30.2075,0,9.7875,6.75,8.1,0,1.65,0,0.825,0,2.475,2,1,0,0,0,0,0,0,0,0,0,0,0,0,0,0,0,0,0,0,0,0,0,0,0,0,0,9.45,0
CARP_2,2015,0,0.875,0,0,0,0,0,0,0,0,79.875,0,0,0,117.4233,0,0,8.1,60.75,0,6.6,0,1.2375,0,0,0,8,0,0,0,0,0,0,0,0,0,0,0,0,1.525,0,0,0,0,0,0,0,0,0,0,0,0,0,1.35
CARP_2,2016,5.05,19.25,0,0,0,0,0,0,0,0,125.1375,0,0,0,117.445,0,6.525,49.95,64.8,0,9.075,0,0.4125,0,0,0,0,0,0,0,0,0,0,0,0,0,0,0,0,0,0,0,0,0,0,0,0,0,0.07666667,0.08,0,0,0,0
CARP_2,2017,0,0,0,0,0,0,0,0,0,0,98.5125,0,0,0,100.5,0,0,28.35,10.8,0,15.675,0,0,0,0,0,0,0,0,0,0,0,0,0,2.6625,0,0,0,0,0,0,0,0,0,0,0,0,0,0,0,0,0,0,0
CARP_3,2004,0,0,0,0,0,0,0,2.1125,0,0,0,0,0,0,0,0,3.2625,0,0,0,8.6625,0,0.4125,0,0,0,2,0,0,0,0,0,0,0,0,0,0,0,0,0,0,0,0,0,7.326375,0,0,0,0,0,0,0,0,0
CARP_3,2005,0,0,0,0,1.55,1.525,0,0,0,0,0,0,0,0,0,0,61.9875,0,0,0,5.775,0,1.65,0,0,0,1,0,0,0,0,0,0,0,0,2.45,0,0,0,0,0,0,0,0,28.585375,1.525,0.8375,0,0,0,0,0,0,0
CARP_3,2006,0,0,0,0,0,0,0,0,0,0,0,0,0,0,0,0,0,0,0,0,10.3125,0,1.65,0,0,0,0,0,0,0,0,0,0,0,0,0,0,0,0,0,0,0,0,0,10.797125,0,5.8625,0,0,0,0,0,0,0
CARP_3,2007,0,0,0,0,0,0,0,0,0,0,0,0,0,0,0,0,0,0,0,0,6.1875,0,0.4125,0,11.1375,0,0,0,0,0,0,0,0,0,0,2.45,0,0,0,0,0,0,44.55,0,4.870875,0,0,0,0,0,0,0,0,0
CARP_3,2008,0,0,0,0,3.1,0,0,0,0,0,0,0,0,0,0,0,110.925,0,0,0,5.3625,0,0.4125,0,0,0,11,0,0,2.8125,0,0,0,0,0,0,0,0,0,0,0,0,121.5,0,42.621875,0,0,0,0,0,2.8125,0,0,0
CARP_3,2009,0,0,0,0,0,0,0,0,0,0.8375,0,0,0,0,0.13,0,0,1.35,0,0,4.125,0,1.2375,0,0,0,0,0,0,0,0,0,0,0,0,0,0,0,0,0,0,0,60.75,0,28.680375,0,2.5125,0,0,0,0,0,0,0
CARP_3,2010,0,0,0,0,0,0,0,0,0,0,0,0,0,0,0,0,0,0,0,0,7.0125,0,0.4125,0,2.475,0,0,0,0,0,0,0,0,0,0,2.45,0,0,0,0,0,0,0,0,0,0,3.35,0,0,0,0,0,0,0
CARP_3,2011,0,0,0,0,0,0,0,0,0,0,0,0,0,0,0,0,0,0,0,0,16.5,0,0,0,0,0,0,0,0,0,0,0,0,0,0,12.25,0,0,0,0,0,0,40.5,0,0,0,0,0,0,0,0,0,0,0
CARP_3,2012,0,0,0,0,0,1.525,0,0,0,0,0,0,0,0,0,0,0,0,0,0,14.85,0,0,0,0,0,0,0,0,0,0,0,0,0,0,9.8,0,0,0,0,0,0,81,0,0,0,0.8375,0,0,0,0,0,0,0
CARP_3,2013,0,0,0,0,0,0,0,0,0,0,0,0,0,0,0,0,0,0,0,0,13.6125,0,0,0,1.65,0,0,0,0,0,0,0,0,0,0,0,0,0,0,0,0,0,0,0,0,0,0,0,0,0,0,0,0,0
CARP_3,2014,0,0,0,0,0,0,0,0,0,0,0,0,0,0,0,0,13.05,0,0,0,13.2,0,0,0,14.025,0,1,0,0,0,0,0,0,0,0,7.35,0,0,0,0,0,0,0,0,0.149375,0,1.675,0,0,0,0,0,1.35,0
CARP_3,2015,0,1.75,0,0,0,0,0,0,0,0,0,0,0,0,0,0,6.525,0,0,0,6.1875,0,0,0,0.825,0,2,0,0,0,0,0,0,0,0,0,0,0,0,0,0,0,0,0,0,1.525,7.5375,0,0,0,2.8125,0,1.35,0
CARP_3,2016,0,0,0,0,0,0,0,0,0,0,0,0,0,0,20.9375,0,133.7625,4.05,0,0,15.675,0.06166667,0,0,0,0,0,0,0,0,0,0,0,0,0,0,0,0,0,0,0,0,0,0,0,0,0,0,0,0,0,0,0,0
CARP_3,2017,0,0,0,0,0,0,0,0,0,0,0,0,0,0,4.1875,0,0,0,0,0,7.8375,0,0,0,0,0,0,0,0,0,0,0,0,0,0,0,0,0,0,0,0,0,0,0,0,0,0,0,0,0,0,0,0,0
CARP_4,2004,0,0,0,0,0,0,0,0,0,0,2.6625,0,8.1,0,0,0,0,1.35,0,0,14.025,0,0,0,0.4125,0,0,0,0,0,0,0,0,0,0,14.7,0,0,0,0,0,0,0,0,11.60225,0,0,0,0,0,2.8125,0,0,0
CARP_4,2005,0,0,0,0,0,0,0,0,0,0,2.6625,0,0,0,1.05875,0,0,2.7,2.7,0,16.9125,0,1.2375,0,0.825,0,0,0,0,0,0,0,0,0,0,0,0,0,0,0,0,0,0,0,65.842875,0,3.35,0,0,0,0,0,5.4,0
CARP_4,2006,0,0,0,0,0,0,0,0,0,0,0,0,0,0,0,0,0,1.35,0,0,16.5,0,0.825,0,2.475,0,0,0,0,0,0,0,0,0,0,0,0,0,0,0,0,0,0,0,6.35125,0,2.5125,0,0,0,0,0,0,0
CARP_4,2007,0,0,0,0,0,0,0,0,0,0,0,0,0,0,2.1175,0,6.525,8.1,0,0,7.8375,0,1.2375,0,13.2,0,0,0,0,0,0,0,0,0,0,0,0,0,0,0,0,0,8.1,0,6.86125,0,0.8375,0,0,0,5.625,0,8.1,1.35
CARP_4,2008,0,0,0,0,0,0,0,0,0,0,0,0,0,0,0,0,26.1,0,0,0,11.1375,0,0.825,0,0,0,0,0,0,0,0,0,0,0,0,0,0,0,0,0,0,0,0,0,66.4420416666667,0,0,0,0,0,0,0,5.4,0
CARP_4,2009,0,0,0,0,0,0,0,0,0,0,2.6625,0,0,0,0.0216666666666667,0,0,8.1,0,0,10.725,0,0,0,4.95,0,0,0,0,0,0,0,0,0,0,0,0,0,0,0,0,0,48.6,0,40.91775,0,5.8625,0,0,0,0,0,2.7,0
CARP_4,2010,0,0,0,0,0,0,0,0,0,0,0,0,0,0,0,0,0,0,0,0,10.3125,0,0,0,0,0,0,0,0,0,0,0,0,0,0,0,0,0,0,0,0,0,0,0,0,0,0,0,0,0,0,0,0,0
CARP_4,2011,0,0,0,0,0,0,0,0,0,0,0,0,0,0,0,0,0,0,0,0,18.15,0,0,0,0,0,0,0,0,0,0,0,0,0,0,14.7,0,0,0,0,0,0,16.2,0,0,0,0,0,0,0,0,0,0,0
CARP_4,2012,0,0,0,0,0,0,0,0,0,0,0,0,0,0,0,0,0,0,0,0,18.975,0,0,0,0,0,0,0,0,0,0,0,0,0,0,12.25,0,0,0,0,0,0,28.35,0,0,0,0,0,0,0,0,0,0,0
CARP_4,2013,0,0,0,0,0,0,0,0,0,0,0,0,0,0,0,0,0,0,0,0,11.1375,0,0,0,0,0,0,0,0,0,0,0,0,0,0,0,0,0,0,0,0,0,4.05,0,0,0,0.8375,0,0,0,0,0,0,0
CARP_4,2014,0,0,0,0,0,0,0,0,0,0,0,0,0,0,0,0,0,0,0,0,10.3125,0,0,0,2.475,0,0,0,0,0,0,0,0,0,0,2.45,0,0,0,0,0,0,0,0,0,0,0,0,0,0,0,0,1.35,0
CARP_4,2015,0,0,0,0,0,0,0,0,0,0,0,0,0,0,0,0,0,0,0,0,7.8375,0,0,0,0.4125,0,0,0,0,0,0,0,0,0,0,0,0,0,0,0,0,0,0,0,0,0,1.675,0,0,0,0,0,0,0
CARP_4,2016,0,0,0,0,0,0,0,0,0,0,2.6625,0,0,0,0,0,104.4,0,0,0,14.85,0,0.4125,0,0,0,0,0,0,0,0,0,0,0,0,0,0,0,0,0,0,0,0,0,0,0,0,0,0,0,5.625,0,0,0
CARP_4,2017,0,0,0,0,0,0,0,0,0,0,2.6625,0,0,0,0,0,0,0,0,0,11.1375,0,0.4125,0,0,0,0,0,0,0,0,0,0,0,0,0,0,0,0,0,0,0,0,0,0,0,0.8375,0,0,0,0,0,0,0
CARP_5,2004,0,0,0,0,0,0,0,0,0,0,0,0,0,0,0,0,0,0,0,0,22.6875,0,0,0,0,0,0,0,0,0,0,0,0,0,0,22.05,0,0,0,0,0,0,0,0,0,0,0,0,0,0,0,0,0,0
CARP_5,2005,0,0,0,0,1.55,0,0,0,0,0,0,0,0,0,0,0,3.2625,1.35,0,0,17.325,0,2.8875,0,0.4125,0,1,0,0,0,0,0,0,0,0,0,0,0,0,0,0,0,0,0,32.391375,0,0,0,0,0,0,0,13.5,0
CARP_5,2006,0,0,0,0,0,0,0,0,0,0,0,0,0,0,0.63525,0,0,6.75,0,0,21.45,0,4.125,0,0,0,0,0,0,0,0,0,0,0,0,0,0,0,0,0,0,0,0,0,0,0,0,0,0,0,0,0,4.05,0
CARP_5,2007,0,0,0,2.525,0,0,0,0,0,0,5.325,0,8.1,0,22.7231666666667,0,0,6.75,0,0,14.025,0,0.825,0,9.9,0,0,0,0,0,0,0,0,0,0,0,0,0,0,0,0,0,0,0,0.635125,0,2.5125,0,0,0,0,0,8.1,2.7
CARP_5,2008,0,0,0,0,0,0,0,0,0,0,2.6625,0,0,0,0.195,0,39.15,28.35,0,0,19.3875,0,2.8875,0,0.825,0,0,0,0,0,0,0,0,0,0,0,0,0,0,0,0,0,4.05,0,321.521708333333,0,0,0,0,0,0,0,0,0
CARP_5,2009,0,0,0,2.525,0,0,2.525,0,0,0,7.9875,0,0,0,0,0,0,4.05,0,0,15.2625,0,0.4125,0,2.475,0,0,0,0,0,0,0,0,0,0,4.9,0,0,0,0,0,0,24.3,0,54.8672916666667,0,7.5375,0,0,0,0,0,0,0
CARP_5,2010,0,0,0,0,0,0,0,0,0,0,0,0,0,0,0,0,0,0,0,0,10.3125,0,0,0,1.65,0,0,0,0,0,0,0,0,0,0,7.35,0,0,0,0,0,0,0,0,0,0,2.5125,0,0,0,0,0,0,0
CARP_5,2011,0,0,0,0,0,0,0,0,0,0,0,0,0,0,0,0,0,0,0,0,15.2625,0,0,0,2.475,0,0,0,0,0,0,0,0,0,0,4.9,0,0,0,0,0,0,12.15,0,0,0,0.8375,0,0,0,0,0,0,0
CARP_5,2012,0,0,0,0,0,0,0,0,0,0,0,0,0,0,0,0,0,0,0,0,14.025,0,0,0,9.075,0,0,0,0,0,0,0,0,0,0,9.8,0,0,0,0,0,0,32.4,0,0,0,0.8375,0,0,0,0,0,0,0
CARP_5,2013,0,0,0,0,0,0,0,0,0,0,0,0,0,0,0.2383333,0,0,0,0,0,18.5625,0,0,0,5.775,0,0,0,0,0,0,0,0,0,0,7.35,0,0,0,0,0,0,32.4,0,0,0,0,0,0,0,2.8125,0,20.25,0
CARP_5,2014,0,0,0,0,0,0,0,0,0,0,2.6625,0,0,0,0,0,3.2625,0,0,0,16.0875,0,0,0,4.125,0,0,0,0,0,0,0,0,0,0,2.45,0,0,0,0,0,0,0,0,0,0,0,0,0,0,0,0,5.4,0
CARP_5,2015,0,0,0,0,0,0,0,0,0,0,2.6625,0,0,0,0,0,0,0,0,0,20.625,0,0,0,0,0,0,0,0,0,0,0,0,0,0,2.45,0,0,0,0,0,0,0,0,0,1.525,7.5375,0,0,0.01,2.8125,0,0,0
CARP_5,2016,0,0,0,2.525,0,0,0,0,0,0,13.3125,0,0,0,4.685833,0,13.05,0,0,0,15.2625,0,0.825,0,0,0,0,0,0,0,0,0,0,0,0,4.9,0,0,0,0,0,0,0,0,0,0,0,0,0,0.03,5.625,0,2.7,0
CARP_5,2017,0,0,0,0,0,0,0,0,0,0,18.6375,0,0,0,14.1875,0,0,0,1.35,0,23.925,0,0.825,0,0,0,0,0,0,0,0,0,0,0,0,4.9,0,0,0,0,0,0,0,0,0,0,0,0,0,0,0,0,0,0
CARP_6,2004,0,0,0,0,3.1,0,0,0,0,0,0,0,0,0,0,0,61.9875,0,0,0,12.7875,0,0.4125,0,0,0,6,0,0,0,0,0,0,0,0,0,0,0,0,0,0,0,32.4,0,9.781875,1.525,0.8375,0,0,0,0,0,0,0
CARP_6,2005,0,0,0,0,1.55,3.05,0,0,0,0,0,0,0,0,0,0,39.15,0,0,0,7.425,0,0,0,0,0,0,0,0,0,0,0,0,0,0,4.9,0,0,0,0,0,0,12.15,0,17.148375,0,0,0,0,0,0,0,0,0
CARP_6,2006,0,0,0,0,4.65,0,0,0,0,0,0,0,0,0,0,0,0,0,0,0,7.425,0,0.4125,0,0.4125,0,0,0,0,0,0,0,0,0,0,2.45,0,0,0,0,0,0,40.5,0,0,0,1.675,0,0,0,2.8125,0,0,0
CARP_6,2007,0,0,0,0,0,0,0,0,0,0,0,0,0,0,1.2705,0,0,0,0,0,4.5375,0,0,0,6.6,0,0,0,0,0,0,0,0,0,0,0,0,0,0,0,0,0,76.95,0,17.573375,1.525,1.675,0,0,0,0,0,0,0
CARP_6,2008,0,0,0,0,0,0,0,0,0,0,0,0,0,0,0,0,0,0,0,0,9.9,0,0,0,3.7125,0,4,0,0,0,0,0,0,0,0,2.45,0,0,0,0,0,0,93.15,0,0,0,0,0,0,0,2.8125,0,0,0
CARP_6,2009,0,0,0,0,0,0,0,0,0,0,0,0,0,0,0,0,0,0,0,0,19.8,0,0,0,0,0,0,0,0,0,0,0,0,0,0,7.35,0,0,0,0,0,0,97.2,0,0,0,1.675,0,0,0,0,0,0,0
CARP_6,2010,0,0,0,0,0,0,0,0,0,0,0,0,0,0,0,0,0,0,0,0,12.7875,0,0,0,2.8875,0,0,0,0,0,0,0,0,0,0,7.35,0,0,0,0,0,0,12.15,0,0,0,0,0,0,0,0,0,0,0
CARP_6,2011,0,0,0,0,0,0,0,0,0,0,0,0,0,0,0,0,0,0,0,0,20.625,0,0,0,0,0,0,0,0,0,0,0,0,0,0,0,0,0,0,0,0,0,32.4,0,0,0,0,0,0,0,0,0,0,0
CARP_6,2012,0,0,0,0,0,0,0,0,0,0,0,0,0,0,0,0,0,0,0,0,17.325,0,0,0,0,0,0,0,0,0,0,0,0,0,0,19.6,0,0,0,0,0,0,44.55,0,0,0,0,0,0,0,0,0,0,0
CARP_6,2013,0,0,0,0,0,0,0,0,0,0,0,0,0,0,0,0,0,0,0,0,12.7875,0,0,0,0.4125,0,0,0,0,0,0,0,0,0,0,0,0,0,0,0,0,0,4.05,0,0,0,0.8375,0,0,0,0,0,0,0
CARP_6,2014,0,0,0,0,0,0,0,0,0,0,0,0,0,0,0,0,16.3125,0,0,0,12.375,0,0,0,15.675,0,0,0,0,0,0,0,0,0,0,0,0,0,0,0,0,0,0,0,0,0,0,0,0,0,0,0,0,0
CARP_6,2015,0,0,0,0,0,0,0,0,0,0,0,0,0,0,0,0,0,0,0,0,3.7125,0,0,0,0,0,0,0,0,0,0,0,0,0,0,4.9,0,0,0,0,0,0,0,0,0,0,0.8375,0,0,0,0,0,0,0
CARP_6,2016,0,0,0,0,0,0,0,0,0,0,0,0,0,0,4.230833,0,137.025,1.35,0,0,23.1,0,0,0,0,0,0,0,0,0,0,0,0,0,0,0,0,0,0,0,0,0,0,0,0,0,0,0,0,0,0,0,0,0
CARP_6,2017,0,0,0,0,0,0,0,0,0,0,0,0,0,0,0,0,0,0,0,0,2.0625,0,0,0,0,0,0,0,0,0,0,0,0,0,0,0,0,0,0,0,0,0,0,0,0,0,0,0,0,0,0,0,0,0
CARP_7,2004,0,0,0,0,1.55,0,0,0,0.875,0,0,0,0,0,0,0,221.85,1.35,0,0,9.9,0,0,0,0,0,1,0,0,0,0,0,0,0,0,0,0,0,0,0,0,0,0,0,90.856125,0,1.675,0,0,0,0,0,0,0
CARP_7,2005,0,0,0,0,0,0,0,0,0,0,0,0,0,0,0,0,0,0,0,0,4.5375,0,0,0,0,0,0,0,0,0,0,0,0,0,0,0,0,0,0,0,0,0,0,0,136.976875,0,0,0,0,0,0,0,0,0
CARP_7,2006,0,0,0,0,1.55,0,0,0,0,0,0,0,0,0,0.21175,0,0,0,0,0,4.95,0,2.475,0,1.65,0,0,0,0,0,0,0,0,0,0,0,0,0,0,0,0,0,12.15,0,20.409,4.575,8.375,0,0,0,0,0,1.35,0
CARP_7,2007,0,0,0,0,0,0,0,0,0,0,0,0,0,0,0.233416666666667,0,0,0,0,0,5.3625,0,0.4125,0,3.7125,0,0,0,0,0,0,0,0,0,0,0,0,0,0,0,0,0,4.05,0,19.05375,0,2.5125,0,0,0,0,0,0,0
CARP_7,2008,0,0,0,0,0,0,0,0,0,0,0,0,0,0,0,0,0,0,0,0,4.95,0,0,0,2.0625,0,2,0,0,0,0,0,0,0,0,2.45,0,0,0,0,0,0,52.65,0,1.27025,1.525,1.675,0,0,0,2.8125,0,0,0
CARP_7,2009,0,0,0,0,0,0,0,0,0,0,0,0,0,0,37.8175,0,65.25,0,0,0,7.8375,0,0.825,0,2.8875,0,0,0,0,2.8125,0,0,0,0,0,2.45,0,0,0,0,0,0,44.55,0,8.640625,0,4.1875,0,0,0,0,0,0,0
CARP_7,2010,0,0,0,0,0,0,0,0,0,0,0,0,0,0,0,0,0,0,0,0,11.1375,0,0,0,0,0,0,0,0,0,0,0,0,0,0,0,0,0,0,0,0,0,0,0,0,0,0.8375,0,0,0,0,0,0,0
CARP_7,2011,0,0,0,0,0,0,0,0,0,0,0,0,0,0,0,0,0,0,0,0,21.45,0,0,0,0,0,0,0,0,0,0,0,0,0,0,4.9,0,0,0,0,0,0,16.2,0,0,0,0,0,0,0,0,0,0,0
CARP_7,2012,0,0,0,0,0,0,0,0,0,0,0,0,0,0,0,0,0,0,0,0,20.625,0,0,0,0,0,0,0,0,0,0,0,0,0,0,0,0,0,0,0,0,0,44.55,0,0,0,0,0,0,0,0,0,0,0
CARP_7,2013,0,0,0,0,0,0,0,0,0,0,0,0,0,0,0,0,0,0,0,0,17.7375,0,0,0,0.825,0,0,0,0,0,0,0,0,0,0,0,0,0,0,0,0,0,4.05,0,0,0,0,0,0,0,0,0,0,0
CARP_7,2014,0,0,0,0,0,0,0,0,0,0,0,0,0,0,0,0,3.2625,0,0,0,5.3625,0,0,0,7.0125,0,0,0,0,0,0,0,0,0,0,0,0,0,0,0,0,0,0,0,0,0,0,0,0,0,2.8125,0,2.7,0
CARP_7,2015,0,0.875,0,0,0,0,0,0,0,0,0,0,0,0,0,0,22.8375,0,0,0,8.25,0,0.4125,0,0.4125,0,0,0,0,0,0,0,0,0,0,2.45,0,0,0,0,0,0,0,0,0,0,4.1875,0,0,0,5.625,0,6.75,0
CARP_7,2016,0,3.5,0,0,0,0,0,0,0,0,2.6625,0,8.1,0,0.7466667,0,3.2625,1.35,1.35,0,17.7375,0,0,0,0,0,0,0,0,0,0,0,0,0,0,0,0,0,0,0,0,0,0,0,0,0,0.8375,0,0,1.254167,5.625,0,4.05,0
CARP_7,2017,0,0,0,0,0,0,0,0,0,0,2.6625,0,0,0,4.246667,0,0,0,0,0,9.9,0,0,0,0,0,0,0,0,0,0,0,0,0,0,0,0,0,0,0,0,0,0,0,0,0,0.8375,0,0,0,0,0,0,0
CARP_8,2004,0,0,0,0,0,0,0,0,0,0,0,0,0,0,0.21175,0,0,1.35,0,0,15.2625,0,0,0,0,0,1,0,0,0,0,0,0,0,0,0,0,0,0,0,0,0,0,0,6.86125,0,0,0,0,0,0,0,0,0
CARP_8,2005,0,0,0,0,0,0,0,0,0,0,0,0,0,0,0,0,88.0875,0,0,0,18.15,0,0.4125,0,0.4125,0,1,0,0,0,0,0,0,0,13.3125,0,0,0,0,0,0,0,0,0,132.665625,0,0,0,0,0,0,0,5.4,1.35
CARP_8,2006,0,0,0,0,0,1.525,0,0,0,0,0,0,0,0,0,0,13.05,0,0,0,11.9625,0,1.65,0,0,0,0,0,0,0,0,0,0,0,0,4.9,0,0,0,0,0,0,0,0,21.59425,0,5.8625,0,0,0,0,0,1.35,0
CARP_8,2007,0,0,0,0,1.55,0,0,0,0,0,2.6625,0,0,0,0.678583333333333,0,0,4.05,0,0,7.425,0,0,0,4.125,0,1,0,0,0,0,0,0,0,0,0,0,0,0,0,0,0,68.85,0,12.8725,6.1,10.05,0,0,0,2.8125,0,0,0
CARP_8,2008,0,0,0,0,0,0,0,0,0,0,0,0,0,0,0.195,0,45.675,17.55,0,0,12.375,0,1.65,0,0.825,0,4,0,0,0,0,0,0,0,0,7.35,0,0,0,0,0,2.1125,32.4,0,103.112916666667,0,0,0,0,0,0,0,0,0
CARP_8,2009,0,0,0,0,0,0,0,0,0,0,2.6625,0,0,0,0,0,6.525,2.7,0,0,6.1875,0,0.4125,0,2.475,0,0,0,0,0,0,0,0,0,0,0,0,0,0,0,0,0,64.8,0,37.9205833333333,1.525,10.8875,0,0,0,2.8125,0,2.7,0
CARP_8,2010,0,0,0,0,0,0,0,0,0,0,0,0,0,0,0,0,0,0,0,0,7.0125,0,0,0,0.4125,0,0,0,0,0,0,0,0,0,0,7.35,0,0,0,0,0,0,0,0,0,0,0,0,0,0,0,0,0,0
CARP_8,2011,0,0,0,0,0,0,0,0,0,0,0,0,0,0,0,0,0,0,0,0,12.7875,0,0,0,0,0,0,0,0,0,0,0,0,0,0,9.8,0,0,0,0,0,0,4.05,0,0,0,0,0,0,0,0,0,0,0
CARP_8,2012,0,0,0,0,0,0,0,0,0,0,0,0,0,0,0,0,0,0,0,0,22.275,0,0,0,2.475,0,0,0,0,0,0,0,0,0,0,0,0,0,0,0,0,0,8.1,0,0,0,0,0,0,0,0,0,2.7,0
CARP_8,2013,0,0,0,0,0,0,0,0,0,0,0,0,0,0,0,0,0,0,0,0,25.575,0,0,0,9.9,0,0,0,0,0,0,0,0,0,0,0,0,0,0,0,0,0,0,0,0,0,0,0,0,0,0,0,0,0
CARP_8,2014,0,0,0,0,0,0,0,0,0,0,0,0,0,0,0,0,0,0,0,0,10.3125,0,0,0,2.0625,0,0,0,0,0,0,0,0,0,0,0,0,0,0,0,0,0,0,0,0,0,0,0,0,0,0,0,0,0
CARP_8,2015,0,0,0,0,0,0,0,0,0,0,0,0,0,0,0,0,0,0,0,0,23.5125,0,0,0,0,0,0,0,0,0,0,0,0,0,0,0,0,0,0,0,0,0,0,0,0,0,2.5125,0,0,0,0,0,0,0
CARP_8,2016,0,0,0,0,0,0,0,0,0,0,7.9875,0,4.05,0,0,0,35.8875,1.35,0,0,14.025,0,0.4125,0,0,0,0,0,0,0,0,0,0,0,0,0,0,0,0,0,0,0,0,0,0,0,0,0,0,0,14.0625,0,0,0
CARP_8,2017,0,0,0,0,0,0,0,0,0,0,18.6375,0,0,4.85,0.1083333,0,0,0,0,0,17.7375,0,0.4125,0,0,0,0,0,0,0,0,0,0,0,0,0,0,0,0,0,0,0,0,0,0,0,0,0,0,0,0,0,0,0
GOLB_1,2004,0,0,4.85,0,4.65,0,0,6.3375,0.875,0,0,0,0,0,3.388,0,225.1125,0,0,0,0,9.5955,0,0,0,0,0,0,0,2.8125,0,0,0,0,0,0,0,0,0,0,0,0,0,0,0,0,0,0,0,0,0,0,0,0
GOLB_1,2005,0,0,0,0,0,0,0,4.225,0,0,0,0,0,0,0.4235,0,137.025,0,0,0,0,4.79775,0,0,0,0,0,0,0,0,0,0,0,0.47075,0,19.6,0,3.5,0,0,0,0,0,0,0,3.05,0.8375,0,0,0,0,0,0,0
GOLB_1,2006,0,0,4.85,0,0,0,0,8.45,0.875,0,0,0,0,0,5.5055,0,19.575,0,0,0,0,30.5090833333333,0,0,0,0,3,0,0,2.8125,0,0,0,0,0,0,0,3.5,0,0,0,0,0,0,45.603875,4.575,0,0,0,0,0,0,0,0
GOLB_1,2007,0,0,0,0,0,0,0,2.1125,0,0,0,0,0,0,1.48225,0,42.4125,0,0,0,0,33.58425,0,0,0,0,0,0,0,0,0,0,0,0,0,0,0,0,0,0,0,0,0,0,15.878125,1.525,0,0,0,0,0,0,0,0
GOLB_1,2008,0,0,14.55,0,1.55,0,0,4.225,1.75,0,0,0,0,0,0,0,55.4625,0,0,0,0,4.79775,0,0,0.4125,0,3,0,0,2.8125,0,0,0,0,0,0,0,9.625,0,0,0,0,0,0,2.075375,6.1,0,0,0,0,0,0,0,1.35
GOLB_1,2009,0,0,0,0,0,0,0,0,0.875,0,0,0,0,0,0,0,48.9375,0,0,0,0,12.794,0,0,0,0,0,0,0,2.8125,1.525,0,0,0,0,0,0,0.875,0,0,0,0,0,0,4.445875,1.525,0,0,0,0,0,0,0,0
GOLB_1,2010,0,0.875,0,0,0,0,0,8.45,0.875,0,0,0,0,14.55,0,0,48.9375,0,0,0,0.825,0,0,0,0.825,0,0,1.75,0,11.25,1.525,0,0,0,0,0,0,4.375,0,0,0,0,12.15,0,4.120125,13.725,4.1875,0,0,0,0,1.525,0,0
GOLB_1,2011,0,0,29.1,0,4.65,0,0,12.675,0,0,0,0,0,0,4.1875,0,52.2,0,0,0,0,0,0,0,0,0,0,0,0,16.875,0,0,0,0,0,0,0,9.625,0,1.525,0,0,16.2,0,0.64375,7.625,0,0,0,0,0,0,0,0
GOLB_1,2012,0,0,48.5,0,0,0,0,2.1125,0.875,0,0,0,0,0,0,0,6.525,0,0,0,0,0,0,0,0,0,0,1.75,0,5.625,3.05,0,0,0,0,0,0,8.75,0,0,0,0,4.05,2.1125,4.75875,3.05,0,0,0,0,0,0,0,0
GOLB_1,2013,0,1.75,48.5,0,0,0,0,6.3375,0.875,0,0,0,0,0,8.375,0,3.2625,0,0,0,0,0,0,0,0,0,1,0,0,19.6875,0,0,0,0,0,2.45,0,0.875,0,0,0,0,0,2.1125,4.635,12.2,0,0,0,0,0,0,0,1.35
GOLB_1,2014,0,0,33.95,0,0,0,0,10.5625,1.75,0,0,0,0,0,4.4125,0,176.175,0,0,0,0,0,0,0,0,0,0,0,0,11.25,0,0,0,0,0,0,0,0.875,0,0,0,0,0,0,18.21479,6.1,0,0,0,0,0,0,0,0
GOLB_1,2015,0,1.75,0,0,0,0,0,8.45,0,0,0,0,0,0,8.375,0,71.775,0,0,0,0.825,2.8315,0,0,1.65,0,0,0,0,16.875,7.625,0,0,0,0,0,0,3.5,0,0,0,0,0,0,1.193958,4.575,0,0,0,0,0,0,0,1.35
GOLB_1,2016,0,6.125,0,0,0,0,0,6.3375,0,0,0,0,0,0,8.375,0,39.15,1.35,0,0,0.825,16.73592,0,0,7.8375,0,0,0,0,73.125,0,0,0,0,0,0,0,2.625,0,0,0,0,0,0,0.085,9.15,0.8375,0,0,0,8.4375,0,0,4.05
GOLB_1,2017,0,0,0,0,0,0,0,4.225,0.875,0,0,0,0,0,8.4875,0,65.25,1.35,0,0.8366667,0,26.89925,0,0,0,0,0,0,0,22.5,0,0,0,0,0,0,0,0,0,0,0,0,0,0,0.2283333,7.625,3.35,0,0,0,0,0,1.35,0
GOLB_2,2004,0,1.75,0,0,1.55,0,0,10.5625,0.875,0,2.6625,0,0,0,0.065,0,13.05,0,0,0,0.825,1.59925,0,0,0,0,0,0,2.8125,2.8125,0,0,0,0,0,0,0,0,0,0,0,0,0,0,0,0,0,0,0,0,0,0,0,1.35
GOLB_2,2005,0,0,0,0,0,0,0,8.45,0,0,2.6625,0,0,0,0,0,114.1875,0,0,0,0,23.98875,0,0,0,0,0,0,0,0,0,0,0,0,0,4.9,0,2.625,0,0,0,0,0,0,0.34,6.1,0,0,0,0,0,0,0,0
GOLB_2,2006,0,0,0,0,0,0,0,6.3375,0,0,0,0,0,0,0,0,84.825,0,0,0,0,25.588,0,0,0,0,0,0,0,11.25,0,0,0,0.47075,0,0,0,0.875,0,0,0,0,4.05,0,11.77225,3.05,1.675,0,0,0,0,0,0,0
GOLB_2,2007,0,0,0,0,0,0,0,4.225,0.875,0,0,0,0,0,1.694,0,13.05,0,0,0,0,17.59175,0,0,0,0,0,0,0,0,0,0,0,0,0,0,0,1.75,0,0,0,0,0,0,25.405,0,0.8375,0,0,0,0,0,0,0
GOLB_2,2008,0,0,9.7,0,1.55,0,0,10.5625,1.75,0,0,0,0,4.85,0,0,172.9125,0,0,0,0,0.0616666666666667,0,0,0,0,2,0.875,0,5.625,0,0,0,0,0,0,0,1.75,0,0,0,0,0,0,3.175625,6.1,0,0,0,0,0,0,0,1.35
GOLB_2,2009,0,0,4.85,0,0,0,0,2.1125,0,0,0,0,0,0,0,0,22.8375,0,0,0,0.825,6.45866666666667,0,0,0,0,0,0,0,5.625,1.525,0,0,0,0,0,0,2.625,0,0,0,0,0,0,0.635125,1.525,1.675,0,0,0,0,0,0,0
GOLB_2,2010,0,2.625,9.7,0,1.55,0,0,10.5625,0,0,0,0,0,38.8,0,0,58.725,2.7,0,0,0,3.1985,0,0,0,0,0,4.375,0,39.375,1.525,0,0,0,0,0,0,7.875,0,0,0,0,4.05,0,0,4.575,1.675,0,0,0,0,0,0,0
GOLB_2,2011,0,0,38.8,0,0,0,0,12.675,1.75,0,0,0,0,0,0,0,19.575,0,0,0,0,0,0,0,0,0,0,0,0,5.625,0,0,0,0,0,0,0,2.625,0,0,0,0,0,0,0.255,1.525,0,0,0,0,0,1.525,0,0
GOLB_2,2012,0,0,24.25,0,0,0,0,0,0,0,0,0,0,0,4.1875,0,3.2625,0,0,0,0,0,0,0,0,0,0,0.875,0,0,0,0,0,0,0,0,0,0.875,0,0,0,0,0,0,2.96125,0,0,0,0,0,0,0,0,0
GOLB_2,2013,0,1.75,0,0,6.2,0,0,4.225,0,0,0,0,0,0,0,0,6.525,1.35,0,0,0,0,0,0,0,0,1,0,0,0,0,0,0,0,0,0,0,0,0,0,0,0,0,0,0,3.05,0,0,0,0,0,0,0,4.05
GOLB_2,2014,0,0,19.4,0,0,0,0,12.675,2.625,0,0,0,0,0,0,0,133.7625,0,0,0,0,0,0,0,0.4125,0,1,0,0,2.8125,0,0,0,0,0,0,0,5.25,0,0,0,0,0,0,0,7.625,0,0,0,0,0,0,0,1.35
GOLB_2,2015,0,1.75,0,0,0,0,0,10.5625,0.875,0,0,0,0,0,4.1875,0,48.9375,0,0,0,0,2.8315,0,0,0.4125,0,0,0,0,5.625,0,0,0,0,0,0,0,3.5,0,0,0,0,0,0,0,9.15,0.8375,0,0,0,0,1.525,0,0
GOLB_2,2016,0,5.25,0,0,0,1.525,0,8.45,0.875,0,0,0,0,0,12.73417,0,42.4125,0,0,0,0,29.26954,0,0,5.775,0,0,0,0,56.25,0,0,0,0,0,0,0,0.875,0,0,0,0,0,0,0.085,9.15,0,1.75,0,0,2.8125,0,0,0
GOLB_2,2017,0,0,4.85,0,0,0,0,4.225,1.75,0,0,0,0,0,21.82583,0,146.8125,1.35,0,6.693333,0.4125,8.4945,0,0,0,0,0,0.875,0,30.9375,0,0,0,0,0,0,0,3.5,0,0,0,0,12.15,0,0.085,4.575,5.8625,0.875,0,0,0,1.525,0,1.35
IVEE_1,2004,0,0,0,0,4.65,0,0,0,0,0,0,0,0,0,0.847,0,19.575,0,0,0,1.65,0,0,0,0,0,0,0,0,11.25,0,0,0,0,0,0,0,0,0,0,0,0,0,0,50.009625,0,0,0,0,0,0,0,0,0
IVEE_1,2005,0,0,0,0,0,0,0,2.1125,0,0,0,0,0,0,0.847,0,0,0,0,0,0,0,0,0,0,0,0,0,0,2.8125,0,0,0,0,0,0,0,0,0,0,0,0,0,0,50.174875,0,0,0,0,0,0,0,0,0
IVEE_1,2006,0,0,0,0,0,1.525,0,6.3375,0,0,0,0,0,0,0.445166666666667,0,0,0,0,0,0.4125,0,0,0,0,0,3,0,0,5.625,0,0,0,0,0,0,0,0,0,0,0,0,0,0,75.159625,1.525,0,0,0,0,0,0,0,0
IVEE_1,2007,0,0,0,0,0,0,0,0,0,0,0,0,0,0,1.05875,0,0,0,0,0,0.825,7.99625,0,0,0,0,0,0,0,0,0,0,0,0,0,0,0,0,0,0,0,0,0,0,125.129125,0,0,0,0,0,0,0,0,0
IVEE_1,2008,0,0,0,0,1.55,0,0,4.225,0,0,0,0,0,0,0,0,75.0375,0,0,0,1.2375,0,0.4125,0,0,0,1,0,0,5.625,0,0,0,0,0,0,0,0,0,0,0,0,4.05,0,165.846166666667,0,0,0,0,0,0,0,0,0
IVEE_1,2009,0,0,0,0,1.55,0,0,2.1125,0,0.8375,2.6625,0,0,0,0,0,0,0,0,0,1.65,0,0,0,0,0,0,0,0,0,0,0,0,0,0,0,0,0,0,0,0,0,0,0,279.175416666667,0,1.675,0,0,0,0,0,0,0
IVEE_1,2010,0,0,0,0,0,0,0,0,0,0,0,0,0,0,0,0,0,0,0,0,0.825,0,0,0,0,0,0,0,0,0,0,0,0,0,0,0,0,0,0,0,0,0,0,0,1.905375,0,0,0,0,0,0,0,0,0
IVEE_1,2011,0,0,0,0,0,0,0,0,0,0,0,0,0,0,0,0,0,0,0,0,0.825,0,0,0,0.4125,0,0,0,0,0,0,0,0,0,0,2.45,0,0,0,0,0,0,0,0,0,0,0,0,0,0,0,0,0,0
IVEE_1,2012,0,0,0,0,0,0,0,0,0,0,0,0,0,0,0,0,55.4625,0,0,0,1.2375,0,0,0,3.7125,0,0,1.75,0,2.8125,0,0,0,0,0,0,0,0,0,0,0,0,0,0,0.38375,0,0,0,0,0,0,0,0,0
IVEE_1,2013,0,0,0,0,0,0,0,0,0,0,0,0,0,4.85,4.1875,0,0,0,0,0,2.0625,0,0,0,0,0,0,0,0,0,0,0,0,0,0,0,0,0,0,0,0,0,0,0,0.4566667,0,0,0,0,0,0,0,0,0
IVEE_1,2014,0,0,0,0,1.55,0,0,0,0,0,0,0,0,0,0.16875,0,146.8125,0,0,0,2.0625,0,0,0,0,0,0,0.875,0,8.4375,0,0,0,0,0,0,0,0,0,0,0,0,0,0,14.14537,0,0,0,0,0,0,0,0,0
IVEE_1,2015,0,0,0,0,0,0,0,8.45,0,0,0,0,0,0,4.75,0,127.2375,0,0,0,1.65,0.707875,0,0,0,0,0,0,0,0,0,0,0,0,0,0,0,0,0,1.525,0,0,0,0,31.80042,3.05,0,0,0,0,0,0,0,0
IVEE_1,2016,0,3.5,0,0,0,0,0,48.5875,0.875,0,0,0,0,0,37.77417,0,55.4625,0,0,0,2.8875,2.8315,0,0,0,0,0,0,0,84.375,0,0,0,0,0,0,0,0,0,4.575,0,0,16.2,0,7.830625,4.575,0,0.875,0,7.525,0,0,0,0
IVEE_1,2017,0,0,0,0,0,0,0,21.125,0,0,0,0,0,0,4.4125,0,19.575,0,0,0,0,0,0,0,0,0,0,0,0,84.375,0,0,0,0,0,0,0,0.875,0,0,0,0,0,0,15.75583,0,0,0.875,0,0,0,0,0,0
IVEE_2,2004,0,0,0,0,3.1,0,0,4.225,0,0,0,0,0,0,0.21175,0,0,0,0,0,1.65,0,0,0,0,0,0,0,0,2.8125,0,0,0,0,0,0,0,0,0,0,0,0,0,0,16.178,39.65,1.675,0,0,0,0,0,0,0
IVEE_2,2005,0,0,0,0,1.55,1.525,0,2.1125,0.875,0,0,0,0,0,0,0,0,0,0,0,0,0,0,0,0,0,0,0,0,0,0,0,0,0,0,0,0,0,0,0,0,0,0,0,38.912625,1.525,0,0,0,0,0,0,0,0
IVEE_2,2006,0,0,0,0,7.75,0,0,4.225,3.5,0,0,0,0,0,0,0,19.575,0,0,0,0,0,0,0,0,0,0,0,0,11.25,0,0,0,0,0,0,0,0,0,12.2,0,0,0,0,22.69925,15.25,2.5125,0,0,0,0,0,0,0
IVEE_2,2007,0,0,0,0,0,0,0,0,0,0,0,0,0,0,0.21175,0,0,0,0,0,0,0,0,0,0,0,0,0,0,0,0,0,0,0,0,0,0,0.875,0,0,0,0,0,0,70.753875,0,0,0,0,0,0,0,0,0
IVEE_2,2008,0,0,0,0,1.55,0,0,2.1125,1.75,0,0,0,0,0,0,0,81.5625,0,0,0,0,0,0,0,0,0,4,6.125,0,5.625,0,0,0,0,0,0,0,0,0,7.625,0,0,0,0,49.698625,6.1,0,0,0,0,0,0,0,0
IVEE_2,2009,0,0,0,0,0,0,0,0,0.875,0,0,0,0,0,0,0,13.05,0,0,0,0,0,0,0,0,0,1,0,0,2.8125,0,0,0,0,0,0,0,0,0,0,0,0,0,0,44.7297916666667,1.525,0.8375,0,0,0,0,0,0,0
IVEE_2,2010,0,0,0,0,3.1,0,0,4.225,1.75,0,0,0,0,0,0,0,97.875,0,0,0,0,0,0,0,0,0,0,1.75,0,11.25,0,0,0,0,0,0,0,0,0,0,0,0,0,0,12.242125,4.575,0,0,0,0,0,0,0,0
IVEE_2,2011,0,0,0,0,3.1,0,0,0,1.75,0,0,0,0,0,0,0,39.15,0,0,0,0,0,0,0,0.4125,0,3,0,0,5.625,0,0,0,0,0,0,0,0,0,0,0,0,8.1,0,11.7695833333333,3.05,0,0,0,0,0,0,0,0
IVEE_2,2012,0,0,0,0,1.55,0,0,0,3.5,0,0,0,0,0,0,0,120.7125,0,0,0,1.2375,0,0,0,0,0,0,0.875,0,5.625,0,0,0,0,0,0,0,0,0,1.525,0,0,0,0,49.94,1.525,0,0,0,0,0,0,0,0
IVEE_2,2013,0,0,0,0,0,0,0,0,0,0,0,0,0,0,0,0,0,0,0,0,2.475,0,0,0,0,0,0,0,0,0,0,0,0,0,0,0,0,0,0,0,0,0,0,0,20.06188,0,0,0,0,0,0,0,0,0
IVEE_2,2014,0,0,0,0,9.3,4.575,0,0,0.875,0,0,0,0,0,0,0,0,0,0,0,0,0,0,0,0,0,0,0,0,0,0,0,0,0,0,0,0,0,0,0,0,0,0,0,6.35125,1.525,0.8375,0,0,0,0,0,0,0
IVEE_2,2015,0,0,0,0,0,0,0,2.1125,0.875,0,0,0,0,0,4.1875,0,166.3875,0,0,0,0,0,0,0,0,0,0,0,0,2.8125,0,0,0,0,0,0,0,0,0,0,0,0,0,0,0.450625,1.525,0,0,0,0,0,0,0,0
IVEE_2,2016,0,19.25,0,2.525,0,0,0,67.6,0,0,0,0,0,0,67.20917,0,81.5625,0,0,0,0.4125,0,0,0,0,0,0,1.75,0,22.5,0,0,0,0,0,0,0,0.875,0,1.525,0,0,20.25,2.1125,0,18.3,0,0,0,0,0,0,0,0
IVEE_2,2017,0,0,0,0,3.1,0,0,27.4625,0,0,10.65,0,0,0,16.825,0,22.8375,2.7,0,0,0,0,0,0,0,0,0,0.875,0,25.3125,0,0,0,0,0,0,0,1.75,0,3.05,0,0,24.3,0,14.53729,33.55,0,0,0,0,0,0,0,0
MOHK_1,2004,0,0,0,2.525,1.55,0,0,12.675,0.875,0,15.975,0,0,0,29.98675,0,0,0,0,0,0.825,0,0,0,0,0,0,0,0,0,0,0,0,0.47075,0,0,0,0,0,0,0,0,0,0,34.695875,18.3,5.025,0,0,0,0,0,0,0
MOHK_1,2005,0,0,0,2.525,0,4.575,0,10.5625,0.875,0,15.975,0,0,0,36.9311666666667,0,0,2.7,0,0,0,1.59925,0,0,0,0,1,0,0,0,0,0,0,0,0,0,0,0,0,0,0,0,0,0,60.610875,12.2,1.675,0,0,0,0,0,0,0
MOHK_1,2006,0,0,0,2.525,3.1,0,0,21.125,0,0,29.2875,0,0,0,25.1165,0,0,1.35,0,0,1.2375,1.84591666666667,0,0,1.2375,0,0,0,2.8125,0,0,0,0,0,0,0,0,0,0,0,0,0,0,0,153.0915,18.3,23.45,0,0,0,0,0,0,0
MOHK_1,2007,0,0,0,0,0,0,0,4.225,0,0,0,0,0,0,18.634,0,0,0,0,0,0.825,0,0,0,0,0,0,0,2.8125,0,0,0,0,0,0,0,0,0,0,0,0,0,0,0,271.673,4.575,0,0,0,0,0,0,0,0
MOHK_1,2008,0,0,0,0,0,0,0,38.025,0,0,15.975,0,0,0,0,0,0,0,0,0,0,4.79775,0,0,0.4125,0,6,0,0,5.625,0,0,0,0,0,0,0,0.875,0,0,0,0,0,0,134.707166666667,39.65,0,0,0,0,0,0,0,0
MOHK_1,2009,0,0,0,0,4.65,0,0,10.5625,0,0,15.975,0,0,0,0.0216666666666667,0,0,0,0,0,0.825,1.59925,0,0,0,0,0,0,0,0,0,0,0,0.9415,0,0,0,0,0,0,0,0,0,0,51.785125,16.775,6.7,0,0,0,0,0,0,0
MOHK_1,2010,0,0,0,0,0,0,0,21.125,0,0,23.9625,0,0,0,0,0,0,0,0,0,0,3.1985,0,0,0.4125,0,0,0,2.8125,5.625,6.1,0,0,0.564083333333333,0,0,0,0,0,0,0,0,0,0,24.0117083333333,32.025,15.075,0,0,0,0,0,1.35,0
MOHK_1,2011,0,0,0,2.525,0,0,0,14.7875,0,0,0,0,0,0,25.125,0,0,0,0,0,0,0,0,0,0,0,0,0,2.8125,0,0,0,0,0,2.6625,0,0,0,0,0,0,0,0,0,4.570625,7.625,0,0,0,0,0,0,0,0
MOHK_1,2012,0,0,0,0,0,0,0,0,0,0,0,0,0,0,0,0,0,0,0,0,0,0,0,0,0,0,0,0,0,0,0,0,0,0.135625,0,0,0,0,0,0,0,0,0,0,2.81525,0,0,0,0,0,0,0,0,0
MOHK_1,2013,0,0,0,0,0,0,2.525,19.0125,0,0,7.9875,0,0,0,4.295833,0,0,0,0,0,1.2375,0,0,0,0,0,0,0,5.625,0,0,0,0,0,0,0,0,0,0,0,0,0,0,4.225,0.450625,27.45,6.7,0,0,0,0,0,0,0
MOHK_1,2014,0,0,0,7.575,0,0,0,46.475,0,0,71.8875,0,0,0,21.5375,0,6.525,0,0,0,1.2375,0,0,0,0.4125,0,0,0,11.25,5.625,0,0,0,0,0,0,0,0.875,0,0,0,0,0,2.1125,0.425,53.375,11.725,0,0,0,0,0,0,0
MOHK_1,2015,0,0,0,0,0,0,0,8.45,0,0,13.3125,0,0,0,4.2525,2.1125,0,0,0,0,0,2.8315,0,0,0,0,0,0,2.8125,0,3.05,0,0,0,0,0,0,0,0,1.525,0,0,0,0,0,9.15,0,0,0,0,0,0,0,0
MOHK_1,2016,0,8.75,0,0,0,0,0,12.675,0,0.8375,26.625,0,0,0,28.33417,6.3375,0,5.4,1.35,0,1.2375,0,0,0,0,0,0,0,2.8125,0,4.575,0,0,0.445625,0,0,0,0,0,0,0,0,0,2.1125,0,9.15,0.8375,0,0,0,0,0,0,0
MOHK_1,2017,0,0,0,0,0,0,0,4.225,0,0,2.6625,0,0,0,21.18125,0,0,0,0,0,0,0,0,0,0,0,0,0,5.625,0,0,0,0,0,0,0,0,0,0,0,0,0,0,0,0,0,0.8375,0,0,0,0,0,0,0
MOHK_2,2004,0,0,0,0,4.65,0,0,8.45,0,0,18.6375,0,0,0,15.6695,0,0,0,0,0,0.4125,4.79775,0,0,0,0,0,0,0,16.875,0,0,0,0,0,0,0,0,0,0,0,0,0,0,15.33275,61,5.8625,0,0,0,5.625,0,0,0
MOHK_2,2005,0,0,0,0,0,1.525,0,14.7875,0,0,5.325,0,0,0,13.34025,0,6.525,0,0,0,0,0,0,0,0,0,0,0,0,0,0,0,0,0.47075,0,0,0,0,0,0,0,0,4.05,0,143.628,10.675,4.1875,1.75,0,0,0,0,0,0
MOHK_2,2006,0,0,0,2.525,0,1.525,0,48.5875,0,0,21.3,0,0,0,6.18408333333333,0,0,0,0,0,0.4125,6.397,0,0,0,0,3,0,2.8125,5.625,0,0,0,0,0,0,0,0,0,0,0,0,0,0,249.802625,42.7,11.725,0,0,0,0,0,0,0
MOHK_2,2007,0,0,0,0,3.1,0,0,8.45,0,0,0,0,0,0,19.5026666666667,0,0,0,0,0,0.4125,1.59925,0,0,0,0,1,0,0,0,0,0,0,0,0,0,0,0,0,0,0,0,0,0,182.83575,6.1,0,0,0,0,0,0,0,0
MOHK_2,2008,0,0,0,0,0,0,0,57.0375,0.875,0,15.975,0,0,0,0,0,0,1.35,0,0,0,0.0616666666666667,0,0,0,0,11,0,0,0,0,0,0,0,2.6625,0,0,0,0,0,0,0,0,0,163.360875,38.125,0.8375,0,0,0,0,0,0,0
MOHK_2,2009,0,0,0,0,1.55,0,0,12.675,0,0,5.325,0,0,0,0,0,0,0,0,0,0,0,0,0,0,0,0,0,0,0,0,0,0,0,0,0,0,0,0,0,0,0,0,0,148.544,15.25,7.5375,0,0,0,0,1.525,0,0
MOHK_2,2010,0,0,0,5.05,0,0,0,35.9125,0,0,18.6375,0,0,0,8.44,0,13.05,2.7,0,0,0.4125,4.79775,0,0,0,0,0,0,0,0,0,0,0,0,0,0,0,0,0,0,0,0,0,0,54.4919166666667,51.85,12.5625,0,0,0,0,0,6.75,0
MOHK_2,2011,0,0,0,0,0,0,0,2.1125,0,0,0,0,0,0,0,0,0,0,0,0,0,0.707875,0,0,0,0,0,0,0,0,0,0,0,0,0,0,0,0,0,0,0,0,0,0,26.3510416666667,4.575,0,0,0,0,0,0,0,0
MOHK_2,2012,0,0,0,0,0,0,0,0,0,0,0,0,0,0,0,0,0,0,0,0,0,0,0,0,0,0,0,0,0,0,0,0,0,0,0,0,0,0,0,0,0,0,0,2.1125,5.665,4.575,0,0,0,0,0,0,0,0
MOHK_2,2013,0,0,0,0,0,0,0,16.9,0,0,7.9875,0,0,0,8.418333,0,0,0,0,0,0,0,0,0,0.4125,0,0,0,0,0,0,0,0,0,0,0,0,0,0,0,0,0,0,0,2.323542,24.4,5.025,0,0,0,0,0,0,0
MOHK_2,2014,0,0,0,2.525,0,0,0,54.925,0,0,13.3125,0,0,0,33.6875,0,0,1.35,0,0,0,2.123625,0,0,0,0,0,0,0,0,0,0,0,0,0,0,0,0,0,0,0,0,0,2.1125,9.729583,67.1,13.4,0,0,0,0,0,0,0
MOHK_2,2015,0,0,0,2.525,0,0,0,2.1125,0,0,2.6625,0,0,0,8.375,0,0,0,0,0,0,4.955125,0,0,0,0,0,0,0,0,1.525,0,0,0.8525,0,0,0,0,0,0,0,0,0,0,0.38625,12.2,0,0,0,0,0,0,0,0
MOHK_2,2016,0,10.5,0,5.05,0,0,0,12.675,0,0,10.65,0,0,4.85,34.4,0,3.2625,0,0,0,0,8.4945,0,0,0,0,0,0,0,5.625,6.1,0,0,0,0,0,0,0.875,0,0,0,2.1125,0,0,0,22.875,1.675,0,0,0,0,0,0,0
MOHK_2,2017,0,0,0,0,0,0,0,4.225,0,0,10.65,0,0,0,29.54688,0,0,0,0,0,0.4125,0,0,0,0,0,0,0,0,0,3.05,0,0,0,0,0,0,0,0,0,0,0,0,0,0.064375,0,1.675,0,0,0,0,0,0,0
NAPL_1,2004,0,0,9.7,0,3.1,0,0,8.45,0,0,0,0,0,0,0.847,0,0,1.35,0,0,2.475,0,0,0,0,0,0,0,2.8125,0,0,0,0,0,0,0,0,0,0,0,0,0,0,0,5.716125,7.625,15.9125,0,0,0,0,0,0,0
NAPL_1,2005,0,0,0,0,1.55,0,0,0,0,0,2.6625,0,0,0,0.298416666666667,0,0,0,0,0,2.475,0,0,0,0,0,0,0,0,0,0,0,0,0,0,2.45,0,0,0,0,0,0,0,0,4.700875,6.1,3.35,0,0,0,0,0,0,0
NAPL_1,2006,0,0,0,0,9.3,0,0,16.9,0,1.675,0,0,0,0,0.656916666666667,0,9.7875,0,0,0,2.475,0,0,0,0,0,0,0,0,0,0,0,0,0,0,0,0,0,0,0,0,0,0,0,337.2255,10.675,12.5625,0,0,0,0,0,0,0
NAPL_1,2007,0,0,0,0,3.1,0,0,8.45,0,0,0,0,0,0,2.35091666666667,0,0,0,0,0,6.6,0,0,0,0,0,3,0,0,0,0,0,0,0,0,0,0,0,0,0,0,0,0,0,445.44225,0,0.8375,0,0,0,0,0,0,0
NAPL_1,2008,0,0,0,0,4.65,0,0,6.3375,0,0,0,0,0,0,0.0433333333333333,0,0,0,0,0,6.1875,0,0.4125,0,0,0,10,0,0,0,0,0,0,0,0,0,0,0,0,0,0,0,0,0,254.56,19.825,0.8375,0,0,0,0,0,0,0
NAPL_1,2009,0,0,0,0,10.85,1.525,0,12.675,0,0.8375,0,0,0,0,0,0,6.525,0,0,0,5.775,0,0.4125,0,0.4125,0,0,0,0,0,0,0,0,1.12816666666667,0,0,0,0.875,0,0,0,0,0,0,227.929625,7.625,13.4,0,0,0,0,1.525,0,0
NAPL_1,2010,0,0,0,0,0,0,0,29.575,0.875,1.675,0,0,0,0,0.0216666666666667,0,45.675,0,0,0,6.1875,0,1.2375,0,1.2375,0,0,0,0,0,0,0,0,1.50558333333333,0,0,0,0,0,0,0,0,0,0,140.033041666667,21.35,11.725,0,0,0,0,0,0,0
NAPL_1,2011,0,0,0,0,4.65,0,0,8.45,0,0,0,0,0,0,8.88416677916667,0,65.25,0,0,0,7.8375,0,0,0,1.2375,0,0,0,0,0,0,0,0,1.07791666666667,0,2.45,0,0,0,0,0,0,0,0,45.8058333333333,19.825,11.725,0,0,0,0,0,0,0
NAPL_1,2012,0,0,0,0,0,0,0,65.4875,4.375,1.675,5.325,5.625,0,0,21.725,0,29.3625,0,0,0,9.4875,0,0,0,0,0,0,0,0,0,0,0,0,0,0,7.35,0,4.375,0,0,0,0,0,0,22.85313,28.975,6.7,0,0,0,0,0,0,0
NAPL_1,2013,0,0,0,0,0,0,0,86.6125,1.75,1.675,0,8.4375,0,0,21.16167,0,0,0,0,0,4.5375,0,0,0,0,0,0,0,5.625,0,0,0,0,1.468625,0,0,0,0.875,0,0,0,0,0,0,28.6675,33.55,5.8625,0,0,0,0,6.1,0,0
NAPL_1,2014,0,0,0,5.05,0,0,0,76.05,0,1.675,2.6625,5.625,0,0,48.72167,0,0,0,0,0,11.55,0,0,0,0,0,0,0,5.625,0,0,0,0,1.97625,0,0,0,9.625,0,0,0,0,0,0,19.99,41.175,0,0,0,0,0,0,0,1.35
NAPL_1,2015,0,0,0,0,0,0,0,69.7125,0,3.35,5.325,0,0,0,46.0625,0,0,0,0,0,10.725,0,0,0,0,0,0,0,0,0,0,0,0,4.14625,0,0,0,0,0,0,0,0,0,0,2.809375,48.8,0,0,0,0,0,0,0,0
NAPL_1,2016,0,0,0,0,0,0,0,54.925,1.75,1.675,10.65,0,0,0,57.3875,0,0,0,0,0,4.5375,0,0,0,0,0,0,0,8.4375,0,1.525,0,0,2.28625,0,0,0,0,0,0,0,4.225,0,0,0,19.825,0,0,0,0,0,0,0,0
NAPL_1,2017,0,0,0,0,0,1.525,2.525,86.6125,2.625,0.8375,0,0,0,0,60.8875,0,88.0875,0,0,0,2.0625,0,0,0,0,0,0,0,2.8125,0,3.05,0,0,0.868,0,0,0,2.625,0,0,0,0,0,0,10.10458,18.3,0,0,0,0,0,0,0,0
NAPL_2,2004,0,0,24.25,0,0,0,0,2.1125,0,0,2.6625,0,0,0,1.2705,0,0,0,0,0,1.2375,0,0,0,0,0,1,0,0,0,0,0,0,0,0,0,0,0,0,0,0,0,0,0,5.081,6.1,21.775,0,0,0,0,0,0,0
NAPL_2,2005,0,0,0,2.525,0,0,0,6.3375,0,0,2.6625,0,0,0,0.4885,0,6.525,1.35,0,0,3.3,0,0,0,0,0,0,0,0,0,0,0,0,0,0,0,0,0,0,0,0,0,0,0,13.81225,0,0.8375,0,0,0,0,0,0,0
NAPL_2,2006,0,0,0,0,3.1,0,0,6.3375,0,0,0,0,0,0,3.62141666666667,0,29.3625,1.35,0,0,2.475,1.41833333333333,0,0,0,0,0,0,0,0,0,0,0,0,0,0,0,0,0,0,0,0,0,0,258.64475,13.725,6.7,0,0,0,0,0,0,0
NAPL_2,2007,0,0,0,2.525,1.55,0,0,6.3375,0,0,0,0,0,0,1.05875,0,0,0,0,0,4.125,0,0,0,0,0,0,0,0,0,0,0,0,0,0,0,0,0,0,0,0,0,0,0,323.3235,4.575,1.675,0,0,0,0,0,0,0
NAPL_2,2008,0,0,0,0,4.65,0,0,4.225,0,0,0,0,0,0,0,0,3.2625,0,0,0,12.375,0,0.825,0,2.475,0,2,0,0,0,0,0,0,0,0,0,0,0,0,0,0,0,0,0,84.0915,13.725,5.025,0,0,0,2.8125,0,0,0
NAPL_2,2009,0,0,0,0,1.55,0,0,0,0,0,0,0,0,0,0,0,0,0,0,0,18.975,0,0,0,1.65,0,0,0,0,0,0,0,0,0,0,2.45,0,0,0,0,0,0,0,0,23.499625,3.05,5.8625,0,0,0,0,0,0,0
NAPL_2,2010,0,0,0,0,0,0,0,10.5625,0,0,0,0,0,0,0,0,26.1,2.7,0,0,10.3125,0,0,0,2.475,0,4,0,0,0,0,0,0,0,0,14.7,0,0,0,0,0,0,0,0,5.53766666666667,7.625,15.9125,0,0,0,0,0,0,0
NAPL_2,2011,0,0,0,0,3.1,0,0,12.675,0,0,0,0,0,0,4.1875,0,61.9875,4.05,0,0,5.775,0,0,0,0.4125,0,1,0,0,0,1.525,12.15,0,0,0,7.35,0,0,0,0,0,0,0,0,5.02125,10.675,17.5875,0,0,0,2.8125,0,0,0
NAPL_2,2012,0,0,0,0,0,0,0,82.3875,0.875,1.675,0,2.8125,0,0,8.375,0,104.4,0,0,0,7.8375,0,0,0,0.825,0,0,0,0,0,0,0,0,0.58125,0,0,0,0,0,0,0,0,0,2.1125,21.115,16.775,14.2375,0.875,0,0,0,0,0,0
NAPL_2,2013,0,0,0,0,0,0,2.525,86.6125,1.75,0,0,8.4375,0,0,8.375,0,0,1.35,0,0,5.3625,0,0,0,0,0,0,0,2.8125,0,0,0,0,0.527,0,0,0,0,0,0,0,0,0,2.1125,15.25688,25.925,8.375,0,0,0,0,4.575,0,0
NAPL_2,2014,0,0,0,5.05,0,0,0,103.5125,0,0,5.325,0,0,0,10.55,0,9.7875,1.35,0,0,7.425,0,0,0,0,0,0,0,2.8125,0,0,0,0,0.19375,0,0,0,2.625,0,0,0,0,0,0,4.9725,36.6,0,0,0,0,0,0,0,0
NAPL_2,2015,0,0,0,0,0,0,5.05,33.8,0,0,10.65,0,0,0,8.396667,0,0,0,0,0,9.9,0,0,0,0,0,0,0,2.8125,0,0,0,0,0.31,0,0,0,0,0,0,0,0,0,0,0.515,16.775,0,0,0,0,0,0,0,0
NAPL_2,2016,0,0,0,2.525,0,0,0,33.8,0.875,1.675,10.65,0,0,0,20.9375,0,0,0,0,0,6.6,0,0,0,0,0,0,0,5.625,0,0,0,0,0,0,0,0,0,0,0,0,6.3375,0,0,0,19.825,3.35,0,0,0,0,0,0,0
NAPL_2,2017,0,0,0,0,0,0,0,69.7125,0.875,0,0,0,0,0,13.8,0,35.8875,0,0,0,4.125,0,0,0,0,0,0,0,2.8125,0,3.05,0,0,0,0,0,0,0.875,0,0,0,0,0,0,1.996667,24.4,0,0,0,0,0,0,0,0
NAPL_3,2004,0,0,0,2.525,0,0,0,0,0,0,0,0,0,0,1.2705,0,0,0,0,0,3.7125,0,0,0,0,0,0,0,0,0,0,0,0,0,0,2.45,0,0,0,0,0,0,0,0,11.85725,12.2,7.5375,0,0,0,0,0,0,0
NAPL_3,2005,0,0,0,0,0,0,0,4.225,0,0,0,0,0,0,2.1175,0,91.35,0,0,0,6.1875,3.1985,0,0,0,0,0,0,0,0,0,0,0,0,0,0,0,0,0,0,0,0,0,0,31.846,3.05,0.8375,0,0,0,0,0,0,0
NAPL_3,2006,0,0,0,0,4.65,0,0,2.1125,0,0,0,0,0,0,5.31541666666667,0,45.675,0,0,0,5.3625,0,0,0,1.2375,0,4,0,0,0,0,0,0,0,0,2.45,0,0,0,0,0,0,0,0,60.72175,15.25,6.7,0,0,0,2.8125,0,0,0
NAPL_3,2007,0,0,0,0,1.55,0,0,2.1125,0,0.8375,0,2.8125,0,0,6.37416666666667,0,0,1.35,0,0,7.8375,0,0,0,2.8875,0,0,0,0,2.8125,0,0,0,0,0,7.35,0,0,0,0,0,0,0,0,68.043375,4.575,5.8625,0,0,0,0,0,0,0
NAPL_3,2008,0,0,0,0,0,0,0,0,0,0,0,0,0,0,0,0,0,0,0,0,14.025,0,0,0,1.65,0,0,0,0,0,0,0,0,0,0,7.35,0,0,0,0,0,0,0,0,0,0,0,0,0,0,0,0,0,0
NAPL_3,2009,0,0,0,0,7.75,0,0,12.675,0,0,0,0,0,0,0,0,0,0,0,0,7.0125,0,0,0,1.2375,0,7,0,0,0,0,4.05,0,0,0,12.25,0,0,0,0,0,0,0,0,0,0,9.2125,0,0,0,5.625,0,0,0
NAPL_3,2010,0,0,0,0,1.55,0,0,27.4625,0,0,0,2.8125,0,0,0,0,61.9875,1.35,0,0,7.0125,0,0,0,3.7125,1,21,0,0,0,0,0,0,0,0,9.8,0,0,0,0,0,0,0,0,12.6744583333333,19.825,17.5875,0,0,0,5.625,0,0,0
NAPL_3,2011,0,0,0,0,0,0,0,52.8125,0,0,0,2.8125,0,0,4.20916666666667,0,91.35,2.7,0,0,7.425,0,0.4125,0,0,0,4,0,0,0,0,0,0,0.155,0,14.7,0,0,0,0,0,0,0,0,112.358541666667,13.725,10.8875,0,0,0,0,0,0,0
NAPL_3,2012,0,0,0,0,0,0,2.525,16.9,0.875,0,0,2.8125,0,0,12.9,0,22.8375,1.35,0,0,4.95,0,0,0,0.4125,0,3,0,0,0,0,0,0,0.56575,0,0,0,0,0,0,0,0,0,0,169.7106,4.575,19.2625,0,0,0,0,0,0,0
NAPL_3,2013,0,0,0,0,0,0,2.525,35.9125,0.875,0,0,2.8125,0,0,20.9375,0,0,0,0,0,8.6625,0,0,0,1.2375,0,0,0,0,0,0,0,0,0.50375,0,0,0,0,0,0,0,0,0,0,68.20938,13.725,14.2375,0,0,0,0,0,0,0
NAPL_3,2014,0,0,0,2.525,0,0,0,31.6875,0,0,2.6625,2.8125,0,0,5.25625,0,39.15,0,0,0,7.8375,0,0,0,0,0,0,0,0,0,0,0,0,0.50375,0,0,0,0,0,0,0,0,0,0,38.99875,24.4,6.7,0,0,0,0,0,0,0
NAPL_3,2015,0,0,0,0,0,0,0,10.5625,0,0,2.6625,0,0,0,27.99667,0,6.525,0,0,0,12.375,0,0,0,0,0,0,0,0,0,0,0,0,0.96875,0,0,0,0,0,0,0,0,0,0,1.223125,3.05,1.675,0,0,0,0,0,0,0
NAPL_3,2016,0,0,0,2.525,0,0,2.525,2.1125,0.875,0,0,0,0,0,46.475,0,0,0,0,0,5.3625,0,0,0,0,0,0,0,0,0,1.525,0,0,1.1625,0,0,0,0,0,0,0,0,0,0,0.2283333,3.05,1.675,0,0,0,0,0,0,0
NAPL_3,2017,0,0,0,0,0,0,2.525,4.225,0.875,0,0,0,0,0,4.1875,0,55.4625,0,0,0,4.5375,98.39463,0,0,0,0,0,0,0,0,0,0,0,0,0,0,0,0,0,0,0,0,0,0,1.508333,6.1,1.675,0,0,0,0,0,0,0
NAPL_4,2004,0,0,0,0,0,0,0,4.225,0,0,0,0,0,0,0,0,0,0,0,0,18.975,0,0,0,0,0,0,0,0,2.8125,0,0,0,0,0,0,0,0,0,0,0,0,0,0,74.02875,1.525,0,0,0,0,11.25,0,0,0
NAPL_4,2005,0,0,0,0,1.55,0,0,0,0,0,0,0,0,0,0,0,0,0,0,0,11.1375,0,0,0,0,0,0,0,0,0,0,0,0,0,0,0,0,0,0,0,0,0,0,0,76.38975,0,0,0,0,0,0,0,0,0
NAPL_4,2006,0,0,0,0,0,0,0,0,0,0,0,0,0,0,0,0,0,0,0,0,7.425,0,0,0,0,0,0,0,0,0,0,0,0,0,0,0,0,0,0,0,0,0,0,0,0,0,0,0,0,0,0,0,0,0
NAPL_4,2007,0,0,0,0,0,0,0,14.7875,0,0,0,0,0,0,0,0,0,0,0,0,10.725,0,0,0,3.3,0,0,0,0,0,0,0,0,0,0,0,0,0,0,0,0,0,0,0,0,0,4.1875,0,0,0,16.875,0,0,0
NAPL_4,2008,0,0,0,0,9.3,0,0,0,0,0,0,0,0,0,0,0,19.575,0,0,0,10.3125,0,0.4125,0,4.125,0,1,0,0,0,0,0,0,0,0,0,0,0,0,0,0,0,0,0,46.543625,1.525,0,0,0,0,5.625,0,0,0
NAPL_4,2009,0,0,0,0,13.95,0,0,0,0,0,0,0,0,0,0,0,19.575,1.35,0,0,18.5625,0,0,0,0,0,0,0,0,14.0625,0,0,0,0.47075,0,0,0,0,0,0,0,0,0,0,168.994583333333,0,0.8375,0,0,0,0,0,0,0
NAPL_4,2010,0,0,0,0,13.95,0,0,0,0,0,0,0,0,0,0,0,26.1,0,0,0,16.9125,0,1.65,0,0.4125,0,0,0,0,0,0,0,0,0.47075,0,0,0,0,0,0,0,0,0,0,259.130375,1.525,0,0,0,0,2.8125,0,0,0
NAPL_4,2011,0,0,0,0,0,0,0,0,0,0,0,0,0,0,0,0,0,0,0,0,12.7875,0,0,0,0.4125,0,0,0,0,0,0,0,0,0,0,2.45,0,0,0,0,0,0,0,0,19.05375,0,0,0,0,0,0,0,0,0
NAPL_4,2012,0,0,0,0,0,0,0,0,0,0,0,0,0,0,0,0,0,0,0,0,20.2125,0,0,0,0,0,5,0,0,0,0,0,0,0,0,4.9,0,0,0,0,0,0,0,0,0,0,0,0,0,0,0,0,0,0
NAPL_4,2013,0,0,0,0,0,0,2.525,33.8,0,0,0,0,0,0,0,0,0,0,0,0,14.025,0,0,0,2.475,0,0,0,0,0,0,0,0,0,0,0,0,0,0,0,0,0,0,0,0,1.525,2.5125,0,0,0,5.625,0,0,0
NAPL_4,2014,0,0,0,0,3.1,0,0,2.1125,0,0,0,0,0,0,0,0,42.4125,0,0,0,6.1875,0,0,0,4.125,1,0,0,0,0,0,0,0,0.174375,0,0,0,0,0,0,0,0,0,0,15.23792,0,1.675,0,0,0,5.625,0,0,0
NAPL_4,2015,0,0,0,0,0,0,0,0,0,0,0,0,0,0,8.396667,0,6.525,0,0,0,8.6625,0,0,0,0,0,0,0,0,0,0,0,0,1.449583,0,0,0,0,0,0,0,0,0,0,2.395,0,0.8375,0,0,0,5.625,0,0,0
NAPL_4,2016,0,0,0,0,4.65,0,0,0,0,0,0,0,0,0,13.15833,0,6.525,0,0,0,7.8375,0,0,0,0.825,0,0,0,0,0,0,0,0,1.74375,0,0,0,0,0,0,0,0,0,0,1.88,3.05,0,0,0,53.03333,5.625,0,0,1.35
NAPL_4,2017,0,0,0,0,0,0,0,0,0,0,0,0,0,0,8.375,0,179.4375,0,0,0,5.775,32.56225,0,0,0,0,0,0,0,0,0,0,0,3.4875,0,0,0,0,0,0,0,0,0,0,13.28271,1.525,0,0,0,0,0,0,0,0
NAPL_5,2004,0,0,0,0,0,0,0,14.7875,0,0,0,0,0,0,9.97391666666667,0,0,0,0,0,1.2375,0,0,0,0,0,1,0,0,2.8125,0,0,0,0,0,0,0,0,0,0,0,0,0,0,95.6135,10.675,2.5125,0,0,0,0,0,0,0
NAPL_5,2005,0,0,0,0,3.1,1.525,2.525,0,0,0,5.325,0,0,0,10.4190833333333,0,0,0,0,0,6.6,0,0,0,0,0,0,0,0,0,0,0,0,0.9415,0,0,0,0,0,0,0,0,0,0,228.2295,1.525,5.025,0,0,0,0,0,0,0
NAPL_5,2006,0,0,0,2.525,4.65,0,2.525,2.1125,0,0,0,0,0,0,3.83316666666667,0,0,0,0,0,10.3125,0.123333333333333,0,0,0,0,0,0,0,0,0,0,0,17.8885,0,0,0,0,0,0,0,0,0,0,394.601625,4.575,9.2125,0,0,0,0,0,0,0
NAPL_5,2007,0,0,0,2.525,0,0,0,2.1125,0,0,0,0,0,0,4.06658333333333,0,0,0,0,0,9.9,1.59925,0.4125,0,0,0,0,0,0,2.8125,0,0,0,6.11975,0,0,0,0,0,0,0,0,0,0,509.545,9.15,5.8625,0,0,0,0,0,0,0
NAPL_5,2008,0,0,0,2.525,1.55,0,0,2.1125,0,0,0,0,0,0,0,0,0,0,0,0,7.8375,0,0,0,0,0,3,0,0,0,0,0,0,24.759,0,0,0,0,0,0,0,0,0,0,353.524125,22.875,0,0,0,0,0,0,0,0
NAPL_5,2009,0,0,0,0,7.75,0,5.05,10.5625,1.75,0,0,0,0,0,0,0,3.2625,0,0,0,7.425,0.0616666666666667,0.4125,0,0,0,0,0,0,0,0,0,0,16.5695833333333,0,0,0,0,0,0,0,0,0,0,363.833166666667,21.35,6.7,0,0,0,0,0,0,0
NAPL_5,2010,0,0,0,0,6.2,0,5.05,23.2375,0.875,0,0,0,0,0,0,0,3.2625,0,0,0,10.3125,0,0.4125,0,0.4125,0,6,0,0,0,0,0,0,14.4958333333333,0,0,0,0,0,0,0,0,0,0,209.01075,6.1,3.35,0,0,0,0,0,0,0
NAPL_5,2011,0,0,0,2.525,1.55,0,0,2.1125,0,0,0,0,0,0,0,0,97.875,0,0,0,4.5375,0,0,0,1.65,0,4,0,0,0,0,0,0,0,0,0,0,0,0,0,0,0,0,0,3.63245833333333,9.15,10.05,0,0,0,2.8125,0,0,0
NAPL_5,2012,0,0,0,2.525,0,0,10.1,35.9125,0.875,0,0,0,0,0,0,0,6.525,0,0,0,3.7125,0.06166667,0,0,0,0,2,0,0,0,0,0,0,4.1075,0,0,0,0,0,0,0,0,0,0,87.5620833,10.675,2.5125,0,0,0,0,0,0,0
NAPL_5,2013,0,0,0,15.15,1.55,0,0,105.625,3.5,0,5.325,0,0,0,4.1875,0,0,0,0,0,8.25,0,0,0,0,0,0,0,0,0,0,0,0,4.496667,2.6625,0,0,0,0,0,0,0,0,0,327.8639,19.825,1.675,0,0,0,0,0,0,0
NAPL_5,2014,0,0,0,10.1,0,0,0,46.475,0,0,0,0,0,0,1.11,0,0,0,0,0,7.8375,0,0.825,0,0,0,0,0,0,0,0,0,0,2.69125,0,0,0,0,0,0,0,0,0,2.1125,288.1617,10.675,0,0,0,0,0,0,0,0
NAPL_5,2015,0,0,0,0,0,0,17.675,23.2375,0,0,0,0,0,0,8.418333,0,0,0,0,0,4.125,0,0.4125,0,0,0,0,0.875,0,0,0,0,0,17.62417,0,0,0,0,0,0,0,0,0,0,51.66396,4.575,0,0,0,0,0,0,0,0
NAPL_5,2016,0,0,0,0,0,0,5.05,10.5625,1.75,0.8375,2.6625,0,0,0,12.675,0,0,0,0,0,4.95,0,0,0,0,0,0,0,0,0,0,0,0,29.27208,0,0,0,0.875,0,0,0,0,0,0,2.514167,6.1,0.8375,0,0,0,0,0,0,0
NAPL_5,2017,0,0,0,0,0,0,5.05,33.8,0.875,0,2.6625,0,0,0,0,0,130.5,0,0,0,2.475,92.02375,0,0,0,0,0,0,0,0,0,0,0,16.53375,0,0,0,0,0,0,0,0,0,0,1.588333,15.25,1.675,0,0,0,0,0,0,0
NAPL_6,2004,0,0,0,0,0,0,0,12.675,0,0,0,0,0,0,1.73733333333333,0,0,0,0,0,4.5375,0,0,0,0,0,1,0,0,0,0,0,0,0,0,0,0,0,0,0,0,0,0,0,87.186875,19.825,3.35,0,0,0,0,0,0,0
NAPL_6,2005,0,0,0,0,0,4.575,0,12.675,0.875,0,0,0,0,0,3.59975,0,3.2625,0,0,0,4.95,0,0,0,0,0,0,0,0,0,0,0,0,0.0933333333333333,0,0,0,0,0,0,0,0,0,0,216.346375,10.675,3.35,0,0,0,0,0,0,0
NAPL_6,2006,0,0,0,2.525,4.65,0,0,10.5625,0,0,0,0,0,0,4.44675,0,0,0,0,0,4.5375,0,0.4125,0,0,0,0,0,0,0,0,0,0,9.97908333333333,0,0,0,0,0,0,0,0,0,0,287.395375,10.675,5.8625,0,0,0,0,0,0,0
NAPL_6,2007,0,0,0,0,0,0,0,2.1125,0,0,0,0,0,0,3.8115,0,0,0,0,0,8.6625,0,0.4125,0,0,0,0,0,0,0,0,0,0,0.47075,0,0,0,0,0,0,0,0,0,0,384.04525,12.2,2.5125,0,0,0,0,0,0,0
NAPL_6,2008,0,0,0,0,1.55,0,0,12.675,0,0.8375,0,0,0,0,0,0,0,0,0,0,5.775,0,0,0,0,0,4,0,0,0,0,0,0,28.9024166666667,0,0,0,0,0,0,0,0,0,0,381.782708333333,10.675,0,0,0,0,0,0,0,0
NAPL_6,2009,0,0,0,0,4.65,0,2.525,4.225,0,0,0,0,0,0,0,0,0,0,0,0,7.425,0.0616666666666667,0.825,0,0,0,0,0,0,0,0,0,0,25.7005,0,2.45,0,0,0,0,0,0,0,0,275.492458333333,10.675,3.35,0,0,0,0,0,0,0
NAPL_6,2010,0,0,0,0,0,0,2.525,0,0,0,0,0,0,0,0.0216666666666667,0,35.8875,1.35,0,0,10.725,0,0.4125,0,1.2375,0,6,0,0,0,0,0,0,16.8495833333333,0,9.8,0,0,0,0,0,0,0,0,133.337416666667,19.825,2.5125,0,0,0,0,0,0,0
NAPL_6,2011,0,0,0,0,7.75,0,2.525,21.125,0,0,0,0,0,0,0,0,88.0875,1.35,0,0,12.7875,0,0,0,0,0,12,0,0,0,0,0,0,8.34708333333333,0,9.8,0,0,0,0,0,0,0,0,25.376875,18.3,1.675,0,0,0,0,0,0,0
NAPL_6,2012,0,0,0,0,1.55,0,5.05,23.2375,2.625,0,0,0,0,0,0,0,32.625,1.35,0,0,8.25,0,0,0,0,0,2,1.75,0,0,0,0,0,11.929583299999999,0,0,0,0,0,0,0,0,0,0,23.5502133,12.2,4.1875,0,0,0,0,0,0,0
NAPL_6,2013,0,0,0,2.525,0,1.525,2.525,95.0625,0,0,0,2.8125,0,0,0.0375,0,3.2625,2.7,0,0,5.775,0,0,0,0,0,0,0,0,0,0,0,0,14.73375,0,0,0,0,0,0,0,0,0,0,56.215,33.55,0,0,0,0,0,0,0,0
NAPL_6,2014,0,0,0,5.05,0,0,5.05,29.575,0.875,0,2.6625,0,0,0,4.1875,0,3.2625,0,0,0,1.65,0,1.2375,0,0,0,0,0,0,0,0,0,0,23.20583,0,0,0,0,0,0,0,0,0,0,32.695,21.35,0,0,0,0,0,0,0,0
NAPL_6,2015,0,0,0,0,0,0,5.05,23.2375,0.875,0,0,0,0,0,0.02166667,0,0,0,0,0,5.775,0,0,0,0,0,0,0,0,0,0,0,0,46.285,0,0,0,0,0,0,0,0,0,2.1125,20.13333,6.1,0.8375,0,0,0,0,0,0,0
NAPL_6,2016,0,0,0,0,3.1,0,0,2.1125,0.875,0,0,0,0,0,4.1875,0,0,0,0,0.22425,1.2375,0,0,0,0,0,0,0,2.8125,0,3.05,0,0,27.87708,0,0,0,0.875,0,0,0,0,0,0,2.896875,9.15,0,0,0,0,0,0,0,0
NAPL_6,2017,0,0,0,0,0,0,2.525,38.025,5.25,1.675,0,0,0,0,0,0,114.1875,0,0,0,2.8875,81.40563,0,0,0,0,0,0,0,0,1.525,0,0,31.28708,0,0,0,0,0,0,0,0,0,0,2.511667,15.25,2.5125,0,0,0,0,0,0,0
NAPL_7,2004,0,0,9.7,0,9.3,0,0,2.1125,0,0,0,0,0,0,5.80391666666667,0,0,0,0,0,2.8875,0,0,0,0,0,0,0,0,0,0,0,0,0,0,0,0,0,0,0,0,0,0,0,35.23175,12.2,11.725,0,0,0,0,0,0,0
NAPL_7,2005,0,0,0,5.05,1.55,1.525,0,4.225,0,0,0,0,0,0,3.8115,0,3.2625,0,0,0,4.125,0,0,0,0,0,1,0,0,0,0,0,0,0,0,0,0,0,0,0,0,0,0,0,102.089875,3.05,0.8375,0,0,0,0,0,0,0
NAPL_7,2006,0,0,0,0,3.1,0,0,16.9,0,0,0,0,0,0,5.95066666666667,0,3.2625,0,0,0,9.075,0,0,0,0,0,0,0,0,0,0,0,0,1.12816666666667,0,0,0,0,0,0,0,0,0,0,233.1405,15.25,8.375,0,0,0,0,0,0,0
NAPL_7,2007,0,0,0,0,1.55,0,0,0,0,0,0,0,0,0,6.86266666666667,0,0,0,0,0,4.95,0,0,0,0,0,0,0,0,0,0,0,0,1.03483333333333,0,0,0,0,0,0,0,0,0,0,313.881625,22.875,0,0,0,0,0,0,0,0
NAPL_7,2008,0,0,0,2.525,7.75,0,0,19.0125,0,0,0,0,0,0,0.0433333333333333,0,3.2625,0,0,0,7.8375,0.0616666666666667,0,0,0,0,4,0,0,0,0,0,0,1.59891666666667,0,0,0,0,0,0,0,0,0,0,203.393083333333,24.4,0,0,0,0,0,0,0,0
NAPL_7,2009,0,0,0,0,4.65,0,5.05,14.7875,0,0.8375,0,0,0,0,0.0433333333333333,0,3.2625,0,0,0,7.8375,0,0.4125,0,0,0,0,0,0,0,0,4.05,0,7.532,0,0,0,0,0,0,0,0,0,0,242.720958333333,44.225,3.35,0,0,0,0,0,0,0
NAPL_7,2010,0,0,0,0,4.65,0,0,12.675,0,0,0,0,0,0,0,0,6.525,0,0,0,5.775,0,1.2375,0,2.475,0,2,0,0,0,0,0,0,9.97908333333333,0,2.45,0,0,0,0,0,0,0,0,79.4088333333333,30.5,10.8875,0,0,0,2.8125,0,0,0
NAPL_7,2011,0,0,0,0,3.1,0,2.525,25.35,1.75,0,2.6625,0,0,0,16.975,0,29.3625,1.35,0,0,4.95,0,0,0,0.4125,0,6,0,0,0,0,0,0,9.79633333333333,0,2.45,0,0,0,0,0,0,0,0,60.5975,27.45,6.7,0,0,0,2.8125,0,0,0
NAPL_7,2012,0,0,0,0,0,0,2.525,105.625,2.625,0,0,0,0,0,4.7125,0,19.575,0,0,0,9.075,0,0,0,0,0,0,0,0,0,0,0,0,15.8029167,0,0,0,1.75,0,0,0,0,0,0,66.8564533,41.175,1.675,0,0,0,0,0,0,0
NAPL_7,2013,0,0,0,7.575,0,0,2.525,116.1875,5.25,0,0,0,0,0,4.1875,0,0,0,0,0,6.6,0,0,0,0,0,0,0,0,0,0,0,0,5.89,0,0,0,0,0,0,0,0,0,0,50.50521,41.175,1.675,0,0,0,0,0,0,0
NAPL_7,2014,0,0,0,25.25,0,0,2.525,99.2875,0,0,0,0,0,0,13.125,0,6.525,0,0,0,10.3125,0,0,0,0,0,0,0,0,0,0,0,0,26.31125,0,0,0,6.125,0,0,0,0,0,0,20.20875,54.9,0.8375,0,0,0,0,0,0,0
NAPL_7,2015,0,0,0,2.525,0,0,0,59.15,0.875,1.675,2.6625,0,0,0,16.79333,0,0,0,0,0,9.9,0,0,0,0,0,0,0,0,0,0,0,0,21.75625,0,0,0,0,0,0,0,0,0,0,5.858125,48.8,0,0,0,0,0,0,0,0
NAPL_7,2016,0,0,0,0,0,0,0,50.7,0,0.8375,0,0,0,0,13.125,0,0,0,0,0.598,4.5375,0,0,0,0,0,0,0,2.8125,0,0,0,0,28.47417,0,0,0,0,0,0,0,0,0,0,0.2575,47.275,1.675,0,0,0,0,0,0,0
NAPL_7,2017,0,0,0,5.05,0,0,0,95.0625,0,0.8375,0,0,0,0,13.125,0,110.925,0,0,0.1495,7.425,0,0,0,0,0,0,0,2.8125,0,0,0,0,7.9825,0,0,0,0.875,0,0,0,0,0,0,4.173333,30.5,0,0,0,0,0,0,0,0
NAPL_8,2004,0,0,0,0,4.65,0,0,33.8,0,0,0,0,0,0,0.4235,0,0,0,0,0,2.475,0,0,0,0,0,0,0,2.8125,0,0,0,0,1.12816666666667,0,0,0,0,0,0,0,0,0,0,129.865375,9.15,10.05,0,0,0,0,0,0,0
NAPL_8,2005,0,0,0,0,6.2,1.525,0,4.225,0,0,0,0,0,0,0.466833333333333,0,3.2625,1.35,0,0,1.2375,0,0,0,0,0,0,0,0,0,0,0,0,2.35375,0,0,0,0,0,0,0,0,0,0,205.669625,1.525,1.675,0,0,0,0,0,0,0
NAPL_8,2006,0,0,0,0,3.1,0,2.525,33.8,0.875,0,0,0,0,0,0.21175,0,0,0,0,0,1.65,0,0,0,0,0,0,0,0,0,0,0,0,2.8245,0,0,0,0,0,0,0,0,0,0,322.022625,33.55,3.35,0,0,0,0,0,0,0
NAPL_8,2007,0,0,0,0,1.55,0,0,33.8,0,0,0,0,0,0,2.32925,0,3.2625,0,0,0,2.0625,0,0,0,0,0,0,0,8.4375,0,0,0,0,12.8969166666667,0,0,0,0,0,0,0,0,0,0,295.04275,27.45,1.675,0,0,0,0,0,0,0
NAPL_8,2008,0,0,0,0,3.1,0,0,21.125,0,0,0,0,0,0,0,0,0,0,0,0,4.95,0,0.4125,0,0,0,4,0,8.4375,0,0,0,0,14.7799166666667,0,0,0,0,0,0,0,0,0,0,237.224458333333,21.35,0,0,0,0,0,0,0,0
NAPL_8,2009,0,0,0,0,0,0,0,23.2375,0,0,0,0,0,0,0,0,6.525,0,0,0,5.775,0,1.2375,0,0.825,0,0,0,0,0,0,0,0,19.7715,0,0,0,0,0,0,0,0,0,0,191.97775,7.625,7.5375,0,0,0,0,0,0,0
NAPL_8,2010,0,0,0,0,4.65,0,0,2.1125,0,0,0,0,0,0,0,0,0,0,0,0,4.95,0,0.4125,0,0.4125,0,2,0,0,0,0,0,0,19.2966666666667,0,2.45,0,0,0,0,0,0,0,0,30.486,6.1,5.025,0,0,0,0,0,0,0
NAPL_8,2011,0,0,0,0,4.65,0,0,8.45,0,0,0,0,0,0,0,0,32.625,0,0,0,2.475,0,0,0,0.825,0,3,0.875,0,0,0,0,0,2.75125,0,4.9,0,0,0,0,0,0,0,0,19.0877083333333,12.2,4.1875,0,0,0,0,0,0,0
NAPL_8,2012,0,0,0,0,0,0,0,82.3875,0,0,0,8.4375,0,0,0,0,45.675,1.35,0,0,4.5375,0,0.825,0,0,0,0,0,0,0,0,4.05,0,3.1316667,0,0,0,0,0,0,0,0,0,2.1125,54.8183333,25.925,1.675,0,0,0,0,0,0,0
NAPL_8,2013,0,0,0,2.525,1.55,0,0,73.9375,0,0,0,8.4375,0,0,0.1125,0,0,0,0,0,2.8875,0,0,0,0,0,0,0,0,0,0,0,0,18.62083,0,0,0,0,0,0,0,0,0,0,59.09625,19.825,0.8375,0,0,0,0,0,0,0
NAPL_8,2014,0,0,0,0,0,0,0,124.6375,0,0.8375,0,0,0,0,8.375,0,3.2625,0,0,0,5.3625,0,0,0,0,0,0,0,2.8125,0,0,0,0,44.985,0,0,0,0.875,0,0,0,0,0,0,66.17708,44.225,0.8375,0,0,0,0,0,0,0
NAPL_8,2015,0,0,0,0,0,0,0,73.9375,0,0,0,0,0,0,0.02166667,0,0,0,0,0,7.8375,0,0,0,0,0,0,0,0,0,0,0,0,27.3725,0,0,0,0,0,0,0,0,0,0,23.19917,30.5,0,0,0,0,0,0,0,0
NAPL_8,2016,0,0,0,0,0,0,2.525,76.05,0,0,0,2.8125,0,0,8.4875,0,0,0,0,0,0.825,0,0,0,0,0,0,0,5.625,0,0,0,0,57.70208,0,0,0,0,0,0,0,0,0,0,19.26875,74.725,0,0,0,0,0,0,0,0
NAPL_8,2017,0,0,0,0,0,0,0,126.75,1.75,0,0,0,0,0,12.5625,0,9.7875,0,0,0,1.2375,0,0,0,0,0,0,0,5.625,0,0,0,0,25.22792,0,0,0,0.875,0,0,0,0,4.05,0,17.56395,61,0,0,0,0,0,0,0,0
SCDI_2,2004,0,0,0,0,0,3.05,0,2.1125,0,0,0,8.4375,0,0,0,0,16.3125,0,0,63.6325,6.1875,1.59925,0,0,0,0,0,0,5.625,0,0,0,0,0,0,9.8,0,0,0,0,0,0,0,0,0,18.3,18.425,0,0,0,0,0,0,0
SCDI_2,2005,0,0,0,0,4.65,0,7.575,0,0,0,0,2.8125,4.05,0,0,0,0,1.35,0,205.161875,4.125,0,0.825,0,0,0,2,0,0,0,0,0,0,0,0,2.45,0,0,0,0,0,2.1125,0,0,0,18.3,5.025,0,0,0,0,0,0,0
SCDI_2,2006,0,0,0,0,0,0,5.05,4.225,0,0,0,0,0,0,0,0,0,0,0,97.58625,2.0625,0,0,0,0,0,1,0,0,2.8125,0,0,0,0,0,4.9,0,0,0,0,0,0,0,0,0,12.2,0,0,0,0,0,0,0,0
SCDI_2,2007,0,0,0,0,0,0,5.05,2.1125,0,0,2.6625,2.8125,0,0,0,0,0,0,0,118.763333333333,1.65,0,0,0,0,0,0,0,0,0,0,0,0,0,0,0,7.35,0,0,0,0,0,0,0,0,27.45,3.35,0,0,0,0,0,0,0
SCDI_2,2008,0,0,0,0,0,1.525,2.525,4.225,0,0,0,0,0,0,0,0,0,0,0,162.858333333333,7.0125,0,0.4125,0,0,0,0,0,5.625,0,0,0,0,0,0,0,0,0,0,0,0,0,0,0,0,25.925,4.1875,0,0,0,0,0,0,0
SCDI_2,2009,0,0,0,0,0,0,2.525,4.225,0,0.8375,0,2.8125,0,0,0,0,0,0,0,381.435833333333,3.7125,0,0,0,0,0,0,0,14.0625,0,0,0,0,0,0,7.35,0,0,0,0,0,0,0,0,0,15.25,3.35,0,0,0,0,0,0,0
SCDI_2,2010,0,0,0,0,0,0,12.625,4.225,0,0,0,2.8125,0,0,0,0,3.2625,0,0,370.067291666667,3.7125,0,0.4125,0,0,0,0,0,5.625,0,0,0,0,0,0,0,0,0,0,0,0,0,0,0,0,18.3,2.5125,0,0,0,0,0,0,0
SCDI_2,2011,0,0,0,0,0,0,12.625,2.1125,0,0,0,0,0,0,0,0,0,0,0,292.600333333333,2.8875,0,0,0,0,0,0,0,0,0,0,0,0,0,0,0,0,0,0,0,0,0,0,0,0,21.35,5.025,0,0,0,0,0,0,0
SCDI_2,2012,0,0,0,0,0,0,10.1,14.7875,0,0,0,0,0,0,0,0,0,0,0,266.67380000000003,4.5375,0,0,0,0,0,0,0,8.4375,0,0,0,0,0,0,0,0,0.875,0,0,0,0,0,0,0,32.025,1.675,0,0,0,0,0,0,0
SCDI_2,2013,0,0,0,0,1.55,1.525,12.625,6.3375,0,0,0,5.625,0,0,0,0,0,0,0,182.7323,0.825,0,0,0,0,0,0,0,0,0,0,0,0,0,0,0,0,0,0,0,0,0,0,0,0,24.4,0.8375,0,0,0,0,0,0,0
SCDI_2,2014,0,0,0,0,0,0,5.05,19.0125,0,0,0,16.875,0,0,0,0,0,0,0,163.9786,5.775,0,0,0,0,0,0,0,11.25,0,0,0,0,0,0,7.35,0,0,0,0,0,0,0,0,0,24.4,6.7,0,0,0,0,0,0,0
SCDI_2,2015,0,0,0,0,0,0,10.1,4.225,0,0,0,5.625,0,0,0,0,0,0,0,86.32771,0.825,0,0,0,0,0,1,0,8.4375,0,0,0,0,0,0,0,0,0,0,0,0,0,0,0,0,13.725,0,0,0,0,0,0,0,0
SCDI_2,2016,0,0,0,0,0,0,10.1,4.225,0,0,0,11.25,0,0,0,0,0,0,0,97.94871,3.3,0,0,0,0,0,0,0,8.4375,0,0,0,0,0,0,0,0,0,0,0,0,0,0,0,0,6.1,0,0,0,0,0,0,0,0
SCDI_2,2017,0,0,0,0,0,0,10.1,0,0,0,0,0,4.05,0,0,0,0,2.7,0,71.28588,4.95,0,0,0,0,0,0,0,8.4375,0,0,0,0,0,0,2.45,0,0,0,0,0,0,0,0,0,6.1,0,0,0,0,0,0,0,0
SCDI_3,2004,0,0,0,0,0,0,0,8.45,0,0,2.6625,0,0,0,0,0,3.2625,0,0,27.8872916666667,3.3,0,0.4125,0,0.4125,0,0,0,0,0,0,0,0,0,0,2.45,0,0,0,0,0,0,0,0,0,33.55,18.425,0,0,0,0,0,0,0
SCDI_3,2005,0,0,0,0,4.65,3.05,2.525,2.1125,0.875,0,0,8.4375,0,0,0,0,0,0,0,106.591875,4.95,0,0.825,0,0,0,0,0,0,0,0,0,0,0,0,0,0,0,0,0,0,0,0,0,0.085,45.75,5.8625,0,0,0,0,0,0,0
SCDI_3,2006,0,0,0,0,6.2,0,7.575,2.1125,0,0,0,2.8125,0,0,0,0,0,0,0,81.7233333333333,1.2375,0,0,0,0,0,0,0,0,0,0,0,0,0,0,0,0,0,0,0,0,0,0,0,0,30.5,0,0,0,0,0,0,0,0
SCDI_3,2007,0,0,0,0,0,0,2.525,4.225,0,0,0,0,0,0,0,0,0,0,0,104.57375,0.825,0,0,0,0,0,0,0,0,0,0,0,0,0,0,0,0,0,0,0,0,0,0,0,0,54.9,5.8625,0,0,0,0,0,0,0
SCDI_3,2008,0,0,0,0,1.55,0,7.575,16.9,0,0,2.6625,0,0,0,0,0,0,0,0,124.947916666667,2.8875,0,0,0,0,0,0,0,0,0,0,0,0,0,0,0,0,0,0,0,0,0,0,0,0,39.65,3.35,0,0,0,0,0,0,0
SCDI_3,2009,0,0,0,0,0,0,7.575,12.675,0,0,0,2.8125,0,0,0,0,0,0,0,250.828958333333,1.65,0,0,0,0,0,0,0,8.4375,0,3.05,0,0,0,0,0,0,0,0,0,0,0,0,0,0,35.075,0.8375,0,0,0,0,0,0,0
SCDI_3,2010,0,0,0,0,0,0,5.05,6.3375,0,0,0,2.8125,0,0,0,0,0,0,0,241.150625,1.2375,0,0.4125,0,0,0,0,0,0,0,0,0,0,0,0,0,0,0,0,0,0,0,0,2.1125,0,56.425,0.8375,0,0,0,0,0,0,0
SCDI_3,2011,0,0,0,0,0,0,5.05,10.5625,0,0,0,2.8125,0,0,0,0,0,0,0,129.929916666667,1.2375,0,0,0,0,0,0,0,0,0,0,0,0,0,0,2.45,0,0,0,0,0,0,0,0,0,32.025,0,0,0,0,0,1.525,0,0
SCDI_3,2012,0,0,0,0,0,0,12.625,14.7875,0,0,0,0,0,0,0,0,0,0,0,97.12908,1.2375,0,0,0,0,0,0,0,5.625,0,0,0,0,0,0,0,0,0,0,0,0,0,0,0,0,24.4,0.8375,0,0,0,0,0,0,0
SCDI_3,2013,0,0,0,0,0,0,12.625,25.35,0,0,2.6625,0,0,0,0,0,0,0,0,160.563,2.0625,0,0,0,0,0,0,0,2.8125,0,0,0,0,0,0,0,0,0,0,0,0,0,0,0,0,39.65,0,0,0,0,0,0,0,0
SCDI_3,2014,0,0,0,0,0,0,15.15,27.4625,0.875,0,0,0,0,0,0,0,0,0,0,345.3567,2.475,0,0,0,0,0,1,0,0,0,0,0,0,0,0,0,0,0,0,0,0,0,0,0,0,68.625,2.5125,0,0,0,0,0,0,0
SCDI_3,2015,0,0,0,0,0,0,10.1,10.5625,0,0,0,0,4.05,0,0,0,0,0,0,90.03638,0.825,0,0.4125,0,0,0,0,0,2.8125,0,0,0,0,0,0,0,0,0,0,0,0,0,0,0,0,24.4,0,0,0,0,0,0,0,0
SCDI_3,2016,0,0,0,0,0,0,7.575,4.225,0,0,0,8.4375,0,0,0,0,0,1.35,1.35,88.51312,2.8875,0,0.4125,0,0,0,0,0,2.8125,0,0,0,0,0,0,0,0,0,0,0,0,0,0,0,0,6.1,0,0,0,0,0,0,0,0
SCDI_3,2017,0,0,0,0,0,0,7.575,0,0,0,0,0,0,0,0,0,0,0,0,41.08421,2.0625,0,0,0,0,0,0,0,0,0,0,0,0,0,0,0,0,0,0,0,0,0,0,0,0,6.1,0,0,0,0,0,0,0,0
SCTW_2,2004,0,0,0,0,0,0,0,0,0,0,0,2.8125,0,0,0,0,0,0,0,1.000625,9.075,0,0.4125,0,1.2375,0,2,0,0,0,0,0,0,0,0,22.05,0,0,0,0,0,0,0,0,0,4.575,5.025,0,0,0,0,0,0,0
SCTW_2,2005,0,0,0,0,0,0,0,0,0,0,0,0,0,0,0,0,0,0,0,2.00125,4.125,0,0,0,0,0,1,0,0,0,0,0,0,0,0,9.8,0,0,0,0,0,0,0,0,0,0,5.025,0,0,0,0,0,0,0
SCTW_2,2006,0,0,0,0,0,0,0,0,0,0,2.6625,0,0,0,0,0,0,0,0,1.000625,4.5375,0,0.825,0,0.825,0,0,0,0,0,0,0,0,0,0,34.3,0,0,0,0,0,0,0,0,0,0,0.8375,0,0,0,0,0,0,0
SCTW_2,2007,0,0,0,0,0,0,2.525,0,0,0,5.325,2.8125,0,0,0,0,0,0,0,1.000625,12.7875,1.59925,0,0,0.825,0,0,0,5.625,0,0,0,0,0,0,36.75,0,0,0,0,0,0,0,0,0,0,4.1875,0,0,0,0,0,0,0
SCTW_2,2008,0,0,0,0,0,0,0,0,0,0,2.6625,2.8125,4.05,0,0,0,0,0,0,5.85666666666667,5.775,0,0.4125,0,1.2375,3,5,0,0,0,0,0,0,0,0,39.2,0,0,0,0,0,0,0,0,0,6.1,0,0,0,0,0,0,4.05,0
SCTW_2,2009,0,0,0,2.525,0,0,0,2.1125,0,1.675,2.6625,5.625,0,0,0,0,0,0,0,48.2108333333333,8.25,0,0,0,0,0,0,0,0,0,0,0,0,0,0,0,0,0,0,0,0,0,0,0,0,10.675,5.8625,0,0,0,0,0,0,0
SCTW_2,2010,0,0,0,2.525,1.55,0,0,8.45,0,0,2.6625,0,0,0,0,0,0,2.7,0,104.09875,7.8375,1.59925,0.4125,0,0,0,0,0,2.8125,0,0,0,0,0,0,12.25,0,0,0,0,0,0,0,0,0,1.525,0.8375,0,0,0,0,0,0,1.35
SCTW_2,2011,0,0,0,2.525,0,0,0,4.225,0,0,5.325,0,0,0,0,0,0,0,0,42.7575416666667,7.8375,0.707875,0,0,0.4125,0,0,0.875,2.8125,0,0,0,0,0,0,7.35,0,0,0,0,0,0,0,0,0,10.675,0,0,0,0,0,0,0,1.35
SCTW_2,2012,0,0,0,0,0,0,5.05,6.3375,0,1.675,5.325,0,0,0,0,0,0,0,0,38.40442,8.6625,0,0,0,1.65,0,0,0,2.8125,2.8125,0,0,0,0,0,24.5,0,0,0,0,0,0,0,0,0,9.15,2.5125,0,0,0,0,0,0,0
SCTW_2,2013,0,0,0,0,0,0,2.525,2.1125,0,0,7.9875,0,0,0,0,0,0,0,0,55.74375,5.775,0,0,0,0.4125,0,1,0,14.0625,0,0,0,0,0,0,9.8,0,0,0,0,0,0,0,0,0,6.1,0.8375,0,0,0,0,0,0,0
SCTW_2,2014,0,0,0,0,0,0,5.05,6.3375,0,0,5.325,0,8.1,0,0,0,0,0,0,14.5175,5.775,0,0,0,0,0,0,0,5.625,0,0,0,0,0,2.6625,4.9,0,0,0,0,0,0,0,0,0,9.15,2.5125,0,0,0,0,0,0,0
SCTW_2,2015,0,0,0,0,0,0,0,4.225,0,0,7.9875,0,0,0,0,0,0,0,0,0,8.6625,0,0,0,4.95,0,0,0,11.25,0,0,0,0,0,2.6625,0,0,0,0,0,0,0,0,0,0,3.05,5.8625,0,0,0,0,0,0,0
SCTW_2,2016,0,0,0,0,0,0,0,2.1125,0,0,13.3125,16.875,0,0,0,0,0,16.2,0,57.73,4.5375,0,0,0,0,0,0,0,2.8125,0,0,0,0,0,0,0,0,0,0,0,0,0,0,0,0,7.625,1.675,0,0.062,19.12417,0,0,1.35,0
SCTW_2,2017,0,0,0,2.525,0,0,2.525,0,0,0,34.6125,0,8.1,0,0,0,0,1.35,0,0.4485,10.3125,0,0,0,0,0,0,0,8.4375,0,0,0,0,0,0,0,0,0,0,0,0,0,0,0,0,6.1,0,0,0.1343333,7.865,0,0,0,0
SCTW_3,2004,0,0,0,0,0,0,0,0,0,0,0,8.4375,0,0,0,0,0,0,0,0,6.6,0,0.4125,0,10.3125,0,2,0,0,0,0,0,0,0,0,0,0,0,0,0,0,0,0,0,0,0,2.5125,0,0,0,0,0,0,0
SCTW_3,2005,0,0,0,0,1.55,0,0,0,0,0,0,0,0,0,0,0,0,0,0,1.000625,8.25,0,1.2375,0,0,0,0,0,0,0,0,0,0,0,0,7.35,0,0,0,0,0,0,0,0,0,0,0.8375,0,0,0,0,0,0,0
SCTW_3,2006,0,0,0,0,0,0,0,0,0,0,0,0,0,0,0,0,0,0,0,1.000625,9.075,0,0,0,2.475,0,1,0,0,0,0,0,0,0,0,4.9,0,0,0,0,0,0,0,0,0,3.05,0,0,0,0,0,0,0,0
SCTW_3,2007,0,0,0,0,0,3.05,0,2.1125,0,0,0,2.8125,0,0,0,0,0,0,0,13.3529166666667,9.4875,0,0,0,0.4125,0,0,0,0,0,0,0,0,0,0,14.7,0,0,0,0,0,0,0,0,0,3.05,5.025,0,0,0,0,0,0,0
SCTW_3,2008,0,0,0,0,0,0,0,0,0,0,0,0,0,0,0,0,0,0,0,50.2120833333333,5.775,0,0,0,0.4125,0,0,0,0,0,0,0,0,0,0,0,0,0,0,0,0,0,0,0,0.635125,3.05,0,0,0,0,0,0,0,0
SCTW_3,2009,0,0,0,0,0,0,2.525,0,0,0,0,0,0,0,0,0,0,0,0,36.0225,2.8875,0,0,0,0,0,0,0,0,0,0,0,0,0.47075,0,0,0,0,0,0,0,0,0,0,0,1.525,0,0,0,0,0,0,0,0
SCTW_3,2010,0,0,0,0,0,0,2.525,2.1125,0.875,1.675,0,0,0,0,0,0,0,0,0,34.7108333333333,4.125,0,0,0,0,0,0,0,0,0,0,0,0,1.883,0,2.45,0,0,0,0,0,0,0,0,0,15.25,1.675,0,0,0,0,0,0,0
SCTW_3,2011,0,0,0,0,0,0,0,0,0,0,0,0,0,0,0,0,0,0,0,19.50975,3.7125,0,0,0,0,0,1,0,0,0,0,0,0,0.6975,0,0,0,0,0,0,0,0,0,0,0,16.775,0,0,0,0,0,0,0,0
SCTW_3,2012,0,0,0,0,0,0,0,0,0,0,0,0,0,0,0,0,0,0,0,3.990583,4.125,0,0,0,0,0,0,0,0,0,0,0,0,0.465,0,0,0,0.875,0,0,0,0,0,0,0,12.2,3.35,0,0,0,0,0,0,0
SCTW_3,2013,0,0,0,0,1.55,0,0,2.1125,0,0,0,0,0,0,0,0,0,0,0,19.17925,2.0625,0.06166667,0,0,0,0,0,0,0,0,0,0,0,0.50375,0,0,0,0,0,0,0,0,0,0,0,27.45,0,0,0,0,0,0,0,0
SCTW_3,2014,0,0,0,0,0,0,0,0,0,0,0,2.8125,0,0,0,0,0,0,0,21.01313,0.825,0,0,0,0,0,0,0,0,0,0,0,0,0,0,0,0,0,0,0,0,0,0,0,0,33.55,0,0,0,0,0,0,0,0
SCTW_3,2015,0,0,0,0,0,1.525,0,2.1125,0,0,0,5.625,8.1,0,0,0,0,1.35,0,2.51,1.65,0,0,0,0.4125,0,0,0,0,0,0,0,0,0,0,0,0,0,0,0,0,0,0,0,0,1.525,18.425,0,0.46,1.433333,0,0,0,1.35
SCTW_3,2016,0,0,0,0,0,0,0,0,0,0,0,2.8125,4.05,0,0,0,0,16.2,0,9.203333,4.95,0,0,0,0,0,0,0,0,0,0,0,0,0,0,0,0,0,0,0,0,0,0,0,0,10.675,2.5125,0,0,9.069167,0,0,4.05,0
SCTW_3,2017,0,0,0,2.525,0,0,2.525,0,0,0,0,0,0,0,0,0,0,4.05,0,0.52325,2.475,0,0,0,0,0,1,0,0,0,0,0,0,0,0,0,0,0,0,0,0,0,0,0,0,0,0.8375,0,0,1.433333,0,0,0,0
